title,house,area,address1,address2,price
整租|大润发附近小户型干净拎包即住欢迎入住,1室1厅1卫,15,鼓楼区,嘉泰北苑...,260
整租|开封黄河大街二十五中对面（马市南街7号）1室1厅1,1室1厅1卫,15,开封,新晋美·悦都...,400
整租|大润发附近小户型干净拎包即住欢迎入住,1室1厅1卫,15,鼓楼区,蔚蓝加州...,700
整租|大润发附近小户型干净拎包即住欢迎入住,1室1厅1卫,15,鼓楼区,蓝天·中央花园...,800
整租|大润发附近小户型干净拎包即住欢迎入住,1室1厅1卫,15,鼓楼区,鼎诚·橡树庄园...,1000
整租|大润发附近小户型干净拎包即住欢迎入住,1室1厅1卫,15,鼓楼区,郑开橄榄城...,1200
整租|大润发附近小户型干净拎包即住欢迎入住,1室1厅1卫,15,鼓楼区,省府西街...,1200
整租|大润发附近小户型干净拎包即住欢迎入住,1室1厅1卫,15,鼓楼区,大宏新城...,1250
整租|大润发附近小户型干净拎包即住欢迎入住,1室1厅1卫,15,鼓楼区,陇海花园...,1400
整租|大润发附近小户型干净拎包即住欢迎入住,1室1厅1卫,15,鼓楼区,金祥苑...,1500
整租|大润发附近小户型干净拎包即住欢迎入住,1室1厅1卫,15,鼓楼区,新芒果·蓝湾国际...,1500
整租|大润发附近小户型干净拎包即住欢迎入住,1室1厅1卫,15,鼓楼区,内环路...,1600
整租|大润发附近小户型干净拎包即住欢迎入住,1室1厅1卫,15,鼓楼区,绿都·上河城...,1600
整租|大润发附近小户型干净拎包即住欢迎入住,1室1厅1卫,15,鼓楼区,嘉泰新城...,1800
整租|大润发附近小户型干净拎包即住欢迎入住,1室1厅1卫,15,鼓楼区,苹果园北区...,1800
整租|大润发附近小户型干净拎包即住欢迎入住,1室1厅1卫,15,鼓楼区,金明裕...,1900
整租|大润发附近小户型干净拎包即住欢迎入住,1室1厅1卫,15,鼓楼区,绿都·上河城...,2000
整租|大润发附近小户型干净拎包即住欢迎入住,1室1厅1卫,15,鼓楼区,鼎立·国际城...,2280
整租|大润发附近小户型干净拎包即住欢迎入住,1室1厅1卫,15,鼓楼区,郑开橄榄城...,2600
整租|大润发附近小户型干净拎包即住欢迎入住,1室1厅1卫,15,鼓楼区,蔡屯西街...,3000
单间|毛纺公寓1室1卫男女不限,主卧(1室),16,顺河回族区,锦绣皇城...,1500
整租|西赵屯1室0厅1卫,1室0厅1卫,20,鼓楼区,计生委家属院...,550
单间|开封市金明区五大街1室1卫男女不限,主卧(1室),20,金明区,晋安路蓝天中央公园...,999
单间|金明广场附近西蔡屯单间公寓出租1室1卫男女不限,主卧(1室),20,金明区,绿都·上河城...,1400
单间|文庙小区3室1厅1卫限女生,主卧(3室),20,龙亭区,英伦春天...,1700
单间|鑫宇小区2室1厅1卫限女生,主卧(2室),20,龙亭区,永合丽景...,1700
单间|西郊万宝后1室1卫男女不限,主卧(1室),20,金明,城市花园...,2000
单间|回龙庙新村10排22号1室1卫男女不限,主卧(1室),20,金明区,晋安路蓝天中央公园...,2000
单间|土城中街132号1室1厅1卫，标间，单间，大小价,主卧(1室),24,龙亭区,万丽·铂金瀚宫...,2100
整租|仁和屯仁和路78号1室0厅1卫,1室0厅1卫,25,龙亭区,未来·美好家园...,1200
单间|自建房一间，有院有三相电，住人当仓库或加工均可，男,主卧(1室),25,禹王台区,东京新城...,1600
整租|土城新村五组821室0厅1卫,1室0厅1卫,28,金明区,新河大二十一号家属院...,450
整租|大润发附近精装小户型出租,1室1厅1卫,30,鼓楼区,瑞安花园...,500
单间|朱雀苑3室2厅1卫男女不限,主卧(3室),30,鼓楼区,安联·青年城...,550
整租|大润发附近精装小户型出租,1室1厅1卫,30,鼓楼区,瑞安花园...,900
整租|大润发附近精装小户型出租,1室1厅1卫,30,鼓楼区,瑞安花园...,1300
整租|大润发附近精装小户型出租,1室1厅1卫,30,鼓楼区,瑞安花园...,1400
整租|大润发附近精装小户型出租,1室1厅1卫,30,鼓楼区,瑞安花园...,1700
单间|土城新房单间出租,主卧(1室),30,金明,龙城香榭里...,1800
单间|润城小浪底精装四室两厅两卫家电家具齐全拎包入住,次卧(4室),30,金明,武警花园...,1800
整租|油坊街小独院.两间北屋.另有一间厨房.大约30平方.,1室1厅1卫,30,鼓楼区,西湖翠庭...,2300
整租|大润发附近精装小户型出租,1室1厅1卫,30,鼓楼区,瑞安花园...,2500
整租|可短租金明广场附近一室一厅拎包入住,1室1厅1卫,35,金明,金鼎丽都...,600
单间|聚英苑2室1厅1卫限女生急寻合租妹子一枚，本人,主卧(2室),35,金明区,安联·青年城...,1000
整租|温馨精装，拎包入住，，生活便利，交通方便，户型方正,1室1厅1卫,35,金明区,绿都·上河城...,1300
整租|东京银座小公寓，长期出租，欢迎联系！~随时看房,1室0厅1卫,35,鼓楼区,金鼎丽都...,1700
整租|建设南路与福星大道交叉口1室1厅1卫,1室1厅1卫,36,尉氏县,万丽·铂金瀚宫...,1600
整租|让您充分享受小资生活，快于我联系吧。,1室1厅1卫,38,鼓楼,郑开·森林半岛...,2300
单间|公寓房临黄河路办公使用空房子,主卧(1室),39,金明区,郑开橄榄城...,850
整租|马市街四街141号1室1厅1卫,1室1厅1卫,40,龙亭区,东方今典...,450
整租|一楼带院干净整洁生活便利,1室1厅1卫,40,顺河回族区,安联·青年城...,500
整租|枫庭苑1室0厅1卫,1室0厅1卫,40,金明,郑开·森林半岛...,600
整租|汴京公园对面干净整洁拎包即住,1室1厅1卫,40,顺河回族区,中山路北段...,600
整租|枫亭苑1室0厅1卫,1室0厅1卫,40,金明,十一化建生活区...,800
整租|河大附近2室0厅0卫,2室0厅0卫,40,顺河回族区,金鼎丽都...,800
整租|拎包入住，楼层方便，价格比较不错,1室1厅1卫,40,鼓楼区,郑开橄榄城...,999
整租|市中心大润发附近瑞安花园。精装修公寓房，干净。家具家,1室1厅1卫,40,鼓楼,亿乘·帝湖世家...,1100
整租|正经单独厨房，双水双气，精装，随时看房，家具家电齐全,1室1厅1卫,40,金明区,森林半岛一期...,1500
整租|汉兴路上汉兴上品，精装小公寓，拎包入住。,1室0厅1卫,40,金明区,开元华庭...,1600
整租|汉兴上品，单身公寓出租。,1室1厅1卫,40,金明区,安联青年城...,1600
整租|幸福里精装1室0厅1卫家电齐全拎包入住,1室0厅1卫,40,金明区,仁和苑...,1800
整租|大梁门公寓房精装一室,1室1厅1卫,40,金明区,宋城雅居·尚品...,1800
整租|五一路南段法院对面一室一厅出租,1室1厅1卫,40,禹王台区,长金·贵和世嘉...,2000
整租|世宇·银翰苑1室1厅1卫,1室1厅1卫,40,顺河,鼎立A区...,2200
整租|蝶御花园1室1厅42平米精装修押一付一,1室1厅1卫,42,金明,长金·贵和世嘉...,800
整租|家具家电齐全，拎包入住。,1室1厅1卫,42,龙亭区,首座时代...,900
整租|鼎力国际城一室一厅精装修拎包入住,1室1厅1卫,43,金明区,枫亭苑...,1000
单间|野场新村一室一厅新装修,主卧(1室),44,金明区,园林小区...,1900
整租|幸福里精装1室1厅1卫家具家电齐全拎包入住包含,1室0厅1卫,45,龙亭区,嘉泰新城...,450
整租|野场新村1室1厅1卫精装出租,1室1厅1卫,45,金明区,蝶御花园...,750
整租|西门大街淮河医院对面2楼套房,1室1厅1卫,45,龙亭区,郑开橄榄城...,1000
整租|星光天地附近，生活方便，房子干净，领包入住,1室1厅1卫,45,金明,建业大宏·熙和府...,1200
整租|绿都上河城精装公寓,1室1厅1卫,45,顺河,梁苑小区...,1300
整租|急租西城明都一室一厅，拎包入住，带电梯,1室1厅1卫,45,金明,西坡街...,1500
整租|精装修公寓明厨明卫诚心出租,1室1厅1卫,45,金明区,大王屯...,1800
整租|蝶·御花园1室1厅1卫,1室1厅1卫,45,金明,鼎力国际...,1200
整租|西城名都，精装修，一室一厅，拎包入住，西环路与汉兴路,1室1厅1卫,46,金明区,集英花园...,800
整租|让您充分享受小资生活，快于我联系吧。,1室1厅1卫,48,鼓楼,书店街北口东鑫宇小区...,1600
整租|大相国寺马道街附近2楼小户型出租拎包即住,1室1厅1卫,50,鼓楼区,华盟·天河湾...,260
整租|丁角街一楼.小独院.北屋.朝阳.3间半房50平方.,2室1厅1卫,50,鼓楼区,丁角街...,550
整租|急租淮河医院北门电梯小写字楼,1室1厅1卫,50,鼓楼区,幸福里...,700
整租|大相国寺马道街附近2楼小户型出租拎包即住,1室1厅1卫,50,鼓楼区,金明华府...,700
整租|大相国寺马道街附近2楼小户型出租拎包即住,1室1厅1卫,50,鼓楼区,安联·青年城...,800
整租|蓝天中央公园。可短租3月起,1室1厅1卫,50,金明区,蓝天中央公园...,800
整租|大相国寺马道街附近2楼小户型出租拎包即住,1室1厅1卫,50,鼓楼区,鼎立·国际城...,900
整租|宋城路电视台对面长城雅园,1室1厅1卫,50,金明区,温莎尚郡...,1000
整租|贵和世家豪华装修小公寓拎包入住,1室1厅1卫,50,金明区,东苑小区...,1000
整租|大相国寺马道街附近2楼小户型出租拎包即住,1室1厅1卫,50,鼓楼区,幸福里...,1000
整租|大相国寺马道街附近2楼小户型出租拎包即住,1室1厅1卫,50,鼓楼区,长金·贵和世嘉...,1200
整租|鼓楼大相国寺附近2楼拎包即住,1室1厅1卫,50,鼓楼区,弘福花园...,1200
整租|大相国寺马道街附近2楼小户型出租拎包即住,1室1厅1卫,50,鼓楼区,鼎立A区...,1200
整租|大相国寺马道街附近2楼小户型出租拎包即住,1室1厅1卫,50,鼓楼区,金鼎丽都...,1200
整租|东京新城1室1厅精装,1室1厅1卫,50,鼓楼区,阀门厂生活区...,1300
整租|大相国寺马道街附近2楼小户型出租拎包即住,1室1厅1卫,50,鼓楼区,未来·湖滨花园...,1400
整租|大相国寺马道街附近2楼小户型出租拎包即住,1室1厅1卫,50,鼓楼区,永和丽景...,1500
整租|铂金瀚宫精装一室拎包入住,1室1厅1卫,50,金明区,温莎尚郡...,1500
整租|山水华府1室1厅1卫,1室1厅1卫,50,金明,新晋美·悦都...,1500
整租|大相国寺马道街附近2楼小户型出租拎包即住,1室1厅1卫,50,鼓楼区,中山路北段...,1500
整租|大相国寺马道街附近2楼小户型出租拎包即住,1室1厅1卫,50,鼓楼区,仁和馨园...,1600
整租|大相国寺马道街附近2楼小户型出租拎包即住,1室1厅1卫,50,鼓楼区,西湖翠庭...,1600
整租|贵和世家精装新房出租,1室1厅1卫,50,金明区,北仁义银行家属院...,1700
整租|新街口向西新玛特商场斜对面2室1厅1卫,2室1厅1卫,50,龙亭区,大王屯...,1800
整租|大相国寺马道街附近2楼小户型出租拎包即住,1室1厅1卫,50,鼓楼区,开封润城...,1800
整租|大相国寺马道街附近2楼小户型出租拎包即住,1室1厅1卫,50,鼓楼区,绿都·上河城...,1800
整租|老河大西门公寓房出租,1室1厅1卫,50,顺河,长金·贵和世嘉...,1800
整租|大相国寺马道街附近2楼小户型出租拎包即住,1室1厅1卫,50,鼓楼区,嘉泰北苑...,1900
整租|急租万丽铂金汉宫，家具家电齐全拎包入住，少有的小居室,1室1厅1卫,50,金明区,新晋美·悦都...,2000
整租|急租贵和世嘉1室1厅拎包入住干净整洁温馨舒适,1室1厅1卫,50,金明区,蓝天中央公园...,2000
整租|蓝天中央公园1室1厅1卫,1室1厅1卫,50,金明,苹果园...,2000
整租|大相国寺马道街附近2楼小户型出租拎包即住,1室1厅1卫,50,鼓楼区,森林半岛多层电梯房...,2000
整租|公园路2室0厅1卫,2室0厅1卫,50,顺河,康桥雅居...,2180
整租|长城雅园1室1厅1卫,1室1厅1卫,50,金明区,绿都·上河城...,2200
整租|大相国寺马道街附近2楼小户型出租拎包即住,1室1厅1卫,50,鼓楼区,嘉泰北苑...,2200
整租|蓝天中央公园精装修，拎包入住，,1室1厅1卫,50,顺河回族区,郑开橄榄城...,2500
整租|大相国寺马道街附近2楼小户型出租拎包即住,1室1厅1卫,50,鼓楼区,维也纳森林...,2500
整租|大相国寺马道街附近2楼小户型出租拎包即住,1室1厅1卫,50,鼓楼区,晋开御景湾...,3000
整租|小南门里5楼550元2室1厅1卫普通装修，业主,2室1厅1卫,52,金明区,武警花园...,900
整租|贵和世嘉精装公寓,1室1厅1卫,52,金明区,中山路中段...,1200
整租|好房子，好房子，美轮美奂，好房子不要错过，家电家具齐,1室1厅1卫,52,鼓楼区,郑开橄榄城...,1500
整租|晋安路蓝天中央公园22层小套房精装家具家电全干,1室1厅1卫,52,金明区,公园路...,2100
整租|急租森林半岛精装1室，家具电齐全，礼包入住,2室1厅1卫,52,金明区,未来·美好家园...,2300
整租|蓝天中央公园，小户型，精装修,1室1厅1卫,53,金明,碧水蓝城...,1400
整租|贵和世嘉1室1厅1卫,1室1厅1卫,53,鼓楼区,集英花园...,1800
整租|蓝天中央公园对面一室一厅一卫采光好通风好,2室1厅1卫,53,金明区,翠庭尚都...,2000
整租|长金贵和世嘉1室1厅1卫,1室1厅1卫,53,金明区,公园路...,2000
整租|蓝天中央公园11楼精装,1室1厅1卫,53,金明区,宏达·紫云台...,2200
整租|蓝天中央公园温馨公寓,1室1厅1卫,53,金明区,绿都·上河城...,2200
整租|贵和世嘉1室1厅1卫,1室1厅1卫,53,鼓楼区,锦绣皇城...,2500
整租|贵和世嘉一室精装希望长期租户真实图片,1室1厅1卫,53,金明区,书香名邸...,2500
整租|家具家电齐全，拎包入住。,1室1厅1卫,54,金明区,碧水蓝城...,1600
整租|三毛文华公寓一室一厅，环境优美，温馨舒适，欢迎来电,1室1厅1卫,55,金明区,金鼎丽都...,350
整租|急租东京银座精装一室一厅，周边生活便利,1室1厅1卫,55,金明,幸福里...,400
整租|贵和世嘉精装修家电齐全拎包入住,1室1厅1卫,55,金明区,晋开御景湾...,600
整租|急租塞纳左岸精装一室温馨舒适品味生活,1室1厅1卫,55,金明区,嘉斯茂精品数码广场...,650
整租|中山路附近2室1厅全套家具全套电器,2室1厅1卫,55,顺河回族区,未来·湖滨花园...,700
整租|苹果园北区2室1厅1卫,2室1厅1卫,55,鼓楼,苹果园北区...,1800
整租|急租翠园小区西口两室一厅简装简单家具家电拎包入住二楼,2室1厅1卫,55,金明区,郑开橄榄城...,1800
整租|晋安路蓝天中央公园1室1厅1卫,1室1厅1卫,55,金明,晋安路蓝天中央公园...,2000
整租|翠园生活区2室1厅1卫,2室1厅1卫,55,金明,悦都小区...,2000
整租|苹果园北区2室1厅1卫,2室1厅1卫,55,鼓楼,金明华府...,2500
整租|蓝天中央公园，一室一厅一厨一卫，精装修拎包入住，长期,1室1厅1卫,55,金明区,格林公馆...,2800
整租|家具家电齐全，拎包即住，快于我联系吧。,2室1厅1卫,56,龙亭,劳动路南口路东...,1300
整租|汉兴路贵和世家1室1厅1卫,1室1厅1卫,56,鼓楼区,开元华庭...,1500
整租|希尔斯电梯1室1厅1卫，豪华装修，全进口家具家电,1室1厅1卫,56,金明区,枫庭苑...,1500
整租|希尔斯电梯1室1厅1卫，豪华装修，全进口家具家电,1室1厅1卫,56,金明区,集英花园...,1500
整租|让您充分享受小资生活,1室1厅1卫,56,顺河回族区,鼎力国际...,1600
整租|让您充分享受小资生活,1室1厅1卫,56,顺河回族区,书店街北口东鑫宇小区...,1600
整租|单身公寓精装修1居地热水暖气齐全拎包入住,1室1厅1卫,57,金明区,美景仁和...,500
整租|非公寓式家庭住宅1居精装修拎包入住地热暖气齐,1室1厅1卫,57,金明区,山水华府...,550
整租|独立厨房卫生间地热水拎包入住精装修,1室1厅1卫,57,金明区,山水华府...,550
整租|非公寓式家庭住宅1居精装修拎包入住地热暖气齐,1室1厅1卫,57,金明区,山水华府...,600
整租|独立厨房卫生间地热水拎包入住精装修,1室1厅1卫,57,金明区,山水华府...,600
整租|单身公寓精装修1居地热水暖气齐全拎包入住,1室1厅1卫,57,金明区,蔚蓝加州...,900
整租|非公寓式家庭住宅1居精装修拎包入住地热暖气齐,1室1厅1卫,57,金明区,山水华府...,1000
整租|独立厨房卫生间地热水拎包入住精装修,1室1厅1卫,57,金明区,山水华府...,1000
整租|单身公寓精装修1居地热水暖气齐全拎包入住,1室1厅1卫,57,金明区,绿都·上河城...,1300
整租|单身公寓精装修1居地热水暖气齐全拎包入住,1室1厅1卫,57,金明区,新龙·御都国际...,1400
整租|非公寓式家庭住宅1居精装修拎包入住地热暖气齐,1室1厅1卫,57,金明区,山水华府...,1500
整租|独立厨房卫生间地热水拎包入住精装修,1室1厅1卫,57,金明区,山水华府...,1500
整租|魏都路蔡屯西街2室1厅1卫,2室1厅1卫,57,鼓楼区,绿都·上河城...,1500
整租|单身公寓精装修1居地热水暖气齐全拎包入住,1室1厅1卫,57,金明区,西郊商场民政局家属院...,1700
整租|非公寓式家庭住宅1居精装修拎包入住地热暖气齐,1室1厅1卫,57,金明区,山水华府...,1800
整租|独立厨房卫生间地热水拎包入住精装修,1室1厅1卫,57,金明区,山水华府...,1800
整租|非公寓式家庭住宅1居精装修拎包入住地热暖气齐,1室1厅1卫,57,金明区,山水华府...,2000
整租|独立厨房卫生间地热水拎包入住精装修,1室1厅1卫,57,金明区,山水华府...,2000
整租|非公寓式家庭住宅1居精装修拎包入住地热暖气齐,1室1厅1卫,57,金明区,山水华府...,2100
整租|独立厨房卫生间地热水拎包入住精装修,1室1厅1卫,57,金明区,山水华府...,2100
整租|嘉泰北苑一室精装真实图片急租拎包入住,1室1厅1卫,57,金明区,嘉泰北苑...,2300
整租|单身公寓精装修1居地热水暖气齐全拎包入住,1室1厅1卫,57,金明区,郑开·森林半岛...,2500
整租|丁角街2室1厅1卫,2室1厅1卫,58,鼓楼,金鼎丽都...,660
整租|梁苑小区2室1厅1卫,2室1厅1卫,58,金明,美景仁和...,800
整租|梁苑小区干净房屋出租,2室1厅1卫,58,金明区,新龙·御都国际...,1300
整租|鼓楼区文庙小区，生活方便,2室1厅1卫,58,鼓楼区,长金·贵和世嘉...,1600
整租|大润发附近桥南小区2/6二室一厅有热水器,2室1厅1卫,58,顺河回族区,大宏世纪城...,1750
整租|急租东郊二院附近，2室1厅1卫,2室1厅1卫,59,顺河回族区,龙成·香榭里花园...,3500
整租|延寿寺自建房上下两层,2室1厅1卫,60,顺河回族区,仁和馨园...,500
整租|青年城精装一室一厅一厨一卫家电齐全拎包入住包,1室1厅1卫,60,龙亭区,安联·青年城...,550
整租|家具家电齐全随时看随时入住,2室1厅1卫,60,鼓楼区,长金·贵和世嘉...,550
整租|梁苑小区2室1厅1卫,2室1厅1卫,60,金明,绿都·上河城...,600
整租|淮河医院附近三楼，红房院小区，家具家电齐全，随时可看,2室1厅1卫,60,鼓楼,嘉泰北苑...,1000
整租|富民小区2室1厅1卫,2室1厅1卫,60,兰考,嘉泰新城...,1000
整租|中山路大南门里低楼层精装修家具家电齐全2室1厅,2室1厅1卫,60,鼓楼区,龙成·香榭里花园...,1000
整租|宋门附近空分小区两居室,2室1厅1卫,60,顺河回族区,蓝天中央公园...,1000
整租|安联青年城1室1厅1卫,1室1厅1卫,60,龙亭区,书香名门...,1300
整租|五一路91号院2室1厅1卫,2室1厅1卫,60,禹王台区,苹果园东北区...,1400
整租|老河大东门苹果园2室1厅1卫6楼,2室1厅1卫,60,顺河回族区,美景仁和...,1400
整租|老河大东门苹果园2室1厅1卫6楼,2室1厅1卫,60,顺河回族区,妇幼保健院家属院...,1500
整租|精装修嘉泰北苑青年城对面电梯房2室有空调，热水器急租,2室1厅1卫,60,金明区,丁角街...,1500
整租|淮河医院附近.丁角街.2室1厅.家电.家具.月租50,2室1厅1卫,60,鼓楼区,爪哇·东汇名城...,1500
整租|翠园小区光明医院旁2楼两室两厅水电气齐全,2室2厅1卫,60,金明区,晋开御景湾...,1600
整租|儿童医院大润发附近，2室1厅，超干净，空调热水器家具,2室1厅1卫,60,顺河,仁和苑...,1600
整租|翠园小区2室1厅1卫,2室1厅1卫,60,金明,鼎立·国际城...,1800
整租|淮河医院附近.丁角街.2室1厅.家电家具齐全.月租5,2室1厅1卫,60,鼓楼区,开元华庭...,2000
整租|蔡屯精装小两室家具齐全随时入住,2室1厅1卫,60,鼓楼区,板桥小区...,3500
整租|老河大附近苹果园小区两室一厅领包入住,2室1厅1卫,60,顺河,绿都·上河城...,5000
整租|绿都上河城，2室2厅，精装修，家具家电齐全，拎包入住,2室2厅1卫,62,顺河回族区,英伦春天...,600
整租|宏康家园2室1厅1卫,2室1厅1卫,62,金明,郑开·森林半岛...,900
整租|一高后门2室2厅1卫,2室2厅1卫,64,禹王台,西郊万宝后...,550
整租|森林半岛精装修1室，需要1室的，你定会喜欢,1室2厅1卫,65,金明区,东京银座物业小区...,399
整租|1300元住万达旁，森林半岛精装1室，拎包入住！快抢,1室2厅1卫,65,金明区,名润·名家...,400
整租|森林半岛南院多层电梯房,1室2厅1卫,65,金明区,绿都·上河城...,450
整租|出租大宏城市广场写字楼65平。,1室1厅1卫,65,金明区,翠庭尚都...,450
整租|B119三十三中一楼,2室1厅1卫,65,鼓楼区,鼎立A区...,600
整租|十一化建生活区紧邻求实中学三楼两室一厅,2室1厅1卫,65,顺河回族区,锦绣皇城...,800
整租|155医院附近2室1厅1卫家具家电齐全看房方便,2室1厅1卫,65,禹王台区,郑开橄榄城...,900
整租|大宏城市广场居然之家办公居住均可,1室1厅1卫,65,金明区,江南人家...,1300
整租|中山路中段.2楼.2室2厅.全套电器.家具.,2室1厅1卫,65,鼓楼区,碧水蓝城电梯洋房...,1300
整租|顺河区十中家属院2室1厅1卫,2室1厅1卫,65,顺河回族区,新龙·御都国际...,2000
整租|一五五医院附近精装修家具、家电齐全非常干净可拎包入,2室1厅1卫,65,鼓楼,龙翔香格里拉二期...,2000
整租|B140森林半岛稀有一室就等你来,1室1厅1卫,65,金明区,碧水蓝城电梯洋房...,2000
整租|顺河区十中家属院2室1厅1卫,2室1厅1卫,65,顺河回族区,嘉泰北苑...,3800
整租|中医院附近简装家电齐全拎包入住交通方便,2室1厅1卫,65,鼓楼区,嘉泰北苑...,5000
整租|嘉泰北苑2室1厅1卫,2室1厅1卫,66,金明,嘉泰北苑...,500
整租|陇海新村南面2室1厅1卫,2室1厅1卫,66,禹王台,郑开橄榄城...,1300
整租|中心人民医院对面，两室一厅，家具家电齐全，拎包入住,2室2厅1卫,67,顺河回族区,顺苑小区...,2000
整租|苹果园一楼活院拎包入住,2室2厅1卫,68,顺河,苹果园...,600
整租|急租学院门附近温馨两居室市中心拎包入,2室1厅1卫,68,鼓楼区,小南门里...,850
整租|急租森林半岛一室一厅，拎包入住,1室1厅1卫,68,金明区,化肥厂生活区...,1200
整租|森林半岛精装两室拎包入住,2室1厅1卫,68,金明区,锦绣皇城...,1800
整租|顺苑小区2室1厅1卫,2室1厅1卫,70,顺河回族区,安联青年城...,400
单间|宋门里2室1厅1卫限女生,次卧(2室),70,顺河回族区,鼎立E区...,600
整租|绿都·上河城2室1厅1卫,2室1厅1卫,70,顺河,梁苑小区...,600
整租|金鼎丽都2室1厅1卫,2室1厅1卫,70,金明区,鼎诚·塞纳左岸...,600
整租|市中心百氏康二楼楼下有车库可进三轮车欢迎看房,2室1厅1卫,70,鼓楼区,梁苑小区...,750
整租|房东诚心出租，位置好,2室1厅1卫,70,顺河回族区,中山路中段...,1000
整租|双水双水，拎包入住，小户型,1室1厅1卫,70,金明区,康乐家园...,1100
整租|世宇·银翰苑2室1厅1卫,2室1厅1卫,70,顺河,幸福里...,1100
整租|省府西街交警队对面5楼2室1厅,2室2厅1卫,70,鼓楼区,润泽园...,1200
整租|急租碧水蓝城住宅，精美装修家具家电全新，周边交通便利,1室2厅1卫,70,金明区,森林半岛一期...,1350
整租|馆怡街小区2室2厅干净出租,2室1厅1卫,70,鼓楼区,蓝天中央公园...,1400
整租|万丽铂金瀚宫，小两室，家具家电应有尽有，拎包入住。,2室2厅1卫,70,金明区,广裕花园...,1400
整租|淮河医院附近西坡街两室一厅家具家电齐全,2室1厅1卫,70,鼓楼区,开元华庭...,1400
整租|淮河医院附近西坡北街2楼3室1厅1卫水电气热水,3室1厅1卫,70,鼓楼区,锦绣花园...,1500
单间|精装修，家具家电齐全，1室1厅，可直接拎包入住。,主卧(1室),70,金明区,新芒果·蓝湾国际...,1600
整租|野厂新村2室1厅1卫,2室1厅1卫,70,金明区,开元华庭...,1600
整租|陇海花园低楼层二楼,3室1厅1卫,70,禹王台区,郑开绿地城...,1800
整租|黄汴河中街,2室1厅1卫,70,鼓楼区,黄河路鼎立国际城...,1900
整租|人民医院毗邻，医专，二师附小附近，书店街旁，交通便利,2室1厅1卫,70,龙亭区,亿乘·帝湖世家...,2500
整租|黄汴河中街,2室1厅1卫,70,鼓楼区,贵都花园...,3300
整租|聚英苑小区2室1厅1卫,2室1厅1卫,71,金明区,晋开御景湾...,1700
整租|绿都上河城两室一厅一卫，简单装修，交通便利，南北通透,2室1厅1卫,71,顺河回族区,嘉泰北苑...,1800
整租|急租市中心中医院附近富晨小区简单装修,2室1厅1卫,71,鼓楼区,长金·贵和世嘉...,2200
整租|聚英苑小区2室1厅1卫,2室1厅1卫,71,金明区,幸福里...,2300
整租|一楼带院子，有简单了家具。,3室1厅1卫,74,顺河,翠园小区...,1200
整租|嘉泰新城带大露台钥匙在手随时看房电梯房出租价,1室1厅1卫,75,鼓楼区,嘉泰新城...,200
整租|急租老河大东门苹果园3室1厅1卫5楼,3室1厅1卫,75,顺河回族区,鼎力国际...,850
整租|淮河医院附近精装修家具、家电齐全可拎包入住非常得好,2室1厅1卫,75,鼓楼,苹果园东北区...,1200
整租|2室1厅水电气全套家具随时看房,3室1厅1卫,75,顺河回族区,安联·青年城...,1500
整租|野厂新村2室1厅1卫拎包入住,2室1厅1卫,75,金明区,碧水蓝城...,1700
整租|鼓楼附近，地段繁华，家电齐全,3室1厅1卫,75,顺河,长金·贵和世嘉...,2500
整租|出租淮河医院附近两室一厅,2室1厅1卫,75,鼓楼,蓝天中央公园...,4500
整租|二师附小南邻五楼两室拎包入住,2室1厅1卫,76,鼓楼区,幸福里...,1200
整租|大朱屯2室1厅1卫,2室1厅1卫,76,金明,晋开御景湾...,1300
整租|大宏城市花园2室出租,2室1厅1卫,78,金明区,苹果园...,1200
整租|精装修婚房，先到先得,3室1厅1卫,78,顺河回族区,文秀花园...,1200
整租|大相国寺马道街鼓楼附近两室一厅600元出租,2室1厅1卫,80,鼓楼区,东京国际...,300
整租|碧水蓝城二期2室1厅1卫,2室1厅1卫,80,金明,嘉泰北苑...,450
整租|书店街附近2室一厅1卫位置好，拎包入住,2室1厅1卫,80,鼓楼,蝶御花园...,450
整租|大相国寺马道街鼓楼附近两室一厅600元出租,2室1厅1卫,80,鼓楼区,晖达·温莎尚郡...,700
整租|大相国寺马道街鼓楼附近两室一厅600元出租,2室1厅1卫,80,鼓楼区,枫亭苑...,800
整租|汴京大道蔚蓝加州1室1厅1卫,1室1厅1卫,80,顺河回族区,宏康家园...,900
整租|中医院附近，紧邻河大附中，文庙小区三楼2室1厅，,2室2厅1卫,80,鼓楼区,客运西站红房苑...,900
整租|大梁门外梁苑小区靠近梁苑小学幼儿园房子干净卫,3室1厅1卫,80,金明区,森林半岛一期...,1000
整租|康太家园3室2厅1卫,3室2厅1卫,80,鼓楼区,康太家园...,1000
整租|大相国寺马道街鼓楼附近两室一厅600元出租,2室1厅1卫,80,鼓楼区,悦都小区...,1000
整租|龙翔·香格里拉2室1厅1卫,2室1厅1卫,80,金明,森林半岛电梯高层...,1100
整租|舒适三楼，户型简单大气，采光好，成熟生活区，生活便利,2室2厅2卫,80,金明区,东方今典...,1100
整租|大相国寺马道街鼓楼附近两室一厅600元出租,2室1厅1卫,80,鼓楼区,大宏城市花园...,1200
整租|大相国寺马道街鼓楼附近两室一厅600元出租,2室1厅1卫,80,鼓楼区,蝶·御花园...,1200
整租|大相国寺马道街鼓楼附近两室一厅600元出租,2室1厅1卫,80,鼓楼区,郑开橄榄城...,1250
整租|劳动路妇幼附近四楼三室一厅拎包入住,3室1厅1卫,80,顺河回族区,金明裕...,1400
整租|大相国寺马道街鼓楼附近两室一厅600元出租,2室1厅1卫,80,鼓楼区,郑开橄榄城...,1480
整租|劳动路妇幼附近四楼三室一厅拎包入住,3室1厅1卫,80,顺河回族区,郑开橄榄城...,1500
整租|大相国寺马道街鼓楼附近两室一厅600元出租,2室1厅1卫,80,鼓楼区,英伦春天...,1500
整租|绿都上河城，精装修，家电齐全，可拎包入住,2室1厅1卫,80,顺河,苹果园中区...,1500
整租|急租中心医院书店街北口两室拎包入住,2室1厅1卫,80,鼓楼区,华盟·天河湾...,1500
整租|大相国寺马道街鼓楼附近两室一厅600元出租,2室1厅1卫,80,鼓楼区,鼎立·国际城...,1500
整租|中心医院附近小区，4楼，2室，都有空调，家具家电全,2室1厅1卫,80,鼓楼,长金·贵和世嘉...,1600
整租|大相国寺马道街鼓楼附近两室一厅600元出租,2室1厅1卫,80,鼓楼区,碧水蓝城...,1600
整租|大相国寺马道街鼓楼附近两室一厅600元出租,2室1厅1卫,80,鼓楼区,嘉泰北苑...,1600
整租|出租锦绣皇c精装2室家电齐全拎包入住,2室2厅1卫,80,鼓楼区,绿都·上河城...,1800
整租|大相国寺马道街鼓楼附近两室一厅600元出租,2室1厅1卫,80,鼓楼区,黄河路鼎立国际城...,1800
整租|大相国寺马道街鼓楼附近两室一厅600元出租,2室1厅1卫,80,鼓楼区,龙城锦绣花园...,1800
整租|老河大东门苹果园3室1厅1卫2楼，私车库,3室1厅1卫,80,鼓楼区,郑开橄榄城...,1800
整租|义务商贸城附近，3室1厅，精装修，家具家电齐全，拎包,3室1厅1卫,80,鼓楼区,新龙·御都国际...,1800
整租|嘉泰北苑2室1厅1卫,2室1厅1卫,80,金明,利居佳苑二期...,1900
整租|大相国寺马道街鼓楼附近两室一厅600元出租,2室1厅1卫,80,鼓楼区,绿都·上河城...,1900
整租|御景湾，三室一厅，中央空调，有宽带，家电齐全，拎包入,3室1厅1卫,80,龙亭,晋开御景湾...,2000
整租|翠园东街3室1厅1卫,3室1厅1卫,80,鼓楼区,大宏华庭...,2000
整租|大相国寺马道街鼓楼附近两室一厅600元出租,2室1厅1卫,80,鼓楼区,翠园生活区...,2000
整租|河大一附院附近三室拎包入住,3室1厅1卫,80,鼓楼,未来·美好家园...,2050
整租|万博广场附近小区，3室，全新家具家电，都有空调，可直,3室1厅1卫,80,鼓楼,蓝天中央公园...,2200
整租|大相国寺马道街鼓楼附近两室一厅600元出租,2室1厅1卫,80,鼓楼区,腾达名仕园...,2280
整租|包公湖畔，淮河医院附近,4室1厅1卫,80,鼓楼区,蓝天中央公园...,2500
整租|大相国寺马道街鼓楼附近两室一厅600元出租,2室1厅1卫,80,鼓楼区,嘉泰新城...,2600
整租|大相国寺马道街鼓楼附近两室一厅600元出租,2室1厅1卫,80,鼓楼区,开元华庭...,3200
整租|嘉泰北苑2室1厅1卫,2室1厅1卫,80,金明,万丽·铂金瀚宫...,7000
整租|嘉泰北苑精装2室1厅1卫家电齐全拎包入住,2室1厅1卫,81,金明区,森林半岛多层电梯房...,300
整租|嘉泰北苑精装2室1厅1卫家电齐全拎包入住,2室1厅1卫,81,金明区,南阳市二期...,450
整租|嘉泰北苑精装2室1厅1卫家电齐全拎包入住,2室1厅1卫,81,金明区,新龙·御都国际...,2300
整租|急租二十七中附近精装两室亚细亚附近图片真实,2室2厅1卫,82,禹王台区,未来·湖滨花园...,1300
整租|黄河路鼎立国际城2室2厅1卫,2室2厅1卫,82,金明,郑开·森林半岛...,1600
整租|山水华府2室1厅1卫,2室1厅1卫,83,金明,建业大宏·熙和府...,1600
整租|繁华地段，办公，仓库，居住皆宜,2室1厅1卫,84,金明区,晋安路蓝天中央公园...,650
整租|左岸风景2楼电梯房，拎包入住,2室1厅1卫,84,顺河回族区,龙成·香榭里花园...,1200
整租|嘉泰北苑精装2室2厅1卫家电齐全拎包入住,2室1厅1卫,84,金明区,集英花园...,1700
整租|急租贵和世嘉住宅，精装修，家具家电齐全，干净漂亮，入,2室1厅1卫,84,金明区,仁和苑...,1750
整租|嘉泰北苑精装2室2厅1卫家电齐全拎包入住,2室1厅1卫,84,金明区,空分三村...,1800
整租|森林半岛南苑1300月租，2室房，手慢无。赶紧来电,2室2厅1卫,85,金明区,郑开橄榄城...,400
整租|家具家电齐全，拎包入住。,2室2厅1卫,85,金明,希尔斯·首府...,450
整租|出租野场新村，两室两厅一卫，精装修，家电齐全，拎包入,2室2厅1卫,85,金明区,金明华府...,450
整租|龙虎小区3室1厅1卫,3室1厅1卫,85,顺河,郑开橄榄城...,550
整租|晖达温莎尙郡精装两室家具齐全,2室2厅1卫,85,金明区,森林半岛多层电梯房...,750
整租|橄榄城精装修，首次出租,2室2厅1卫,85,金明,中山路中段...,900
整租|野厂新村出租面积85平米,2室2厅1卫,85,金明区,西城名都...,1200
整租|急租，美景仁和两居室,2室2厅1卫,85,顺河回族区,蓝天中央公园...,1400
整租|温莎尚郡2室2厅1卫,2室2厅1卫,85,金明区,绿都·上河城...,1400
整租|温莎尚郡2室2厅1卫,2室2厅1卫,85,金明区,嘉泰新城...,1500
整租|野场首租精装修家电齐全，拎包入住,2室2厅1卫,85,金明区,绿都·上河城...,1500
整租|青年城两室家具家电齐全拎包入住可短租,2室2厅1卫,85,龙亭区,苹果园北区...,1500
整租|急租老河大附近，左岸风景，精装两居室，电梯房，全新家,2室2厅1卫,85,顺河回族区,东方今典...,1600
整租|东苑小区3室1厅1卫,3室1厅1卫,85,顺河,安联青年城...,1850
整租|绿都上河城，环境优美,3室1厅1卫,85,顺河,金耀绿城...,2000
整租|东苑小区3室1厅1卫,3室1厅1卫,85,顺河,幸福里...,3000
整租|绿都上河城电梯5楼简装,3室1厅1卫,85,顺河回族区,包公湖南路...,3500
整租|青年城可短租家具家电齐全随时看房,2室2厅1卫,86,龙亭区,亿乘·帝湖世家...,1000
整租|贵和世家首次出租大两房，南北通透可自住或办公！好房源,2室2厅1卫,86,金明,万发苑小区...,1200
整租|润泽园小区3室1厅1卫,3室1厅1卫,86,金明,郑开·森林半岛...,1200
整租|首租经典2室小区停车方便随时看房,2室2厅1卫,86,龙亭区,嘉泰北苑...,1500
整租|幸福里2室2厅1卫,2室2厅1卫,86,金明,晋开御景湾...,1700
单间|安联·青年城2室2厅1卫男女不限,主卧(2室),86,龙亭,永合丽景...,1800
整租|A城市花园出租中装两室两厅房子一套，家电齐全，拎包入,2室2厅1卫,86,金明区,宋城雅居·尚品...,1800
整租|幸福里2室2厅1卫,2室2厅1卫,86,金明,东方今典...,2400
单间|安联·青年城2室2厅1卫男女不限,主卧(2室),86,龙亭,金色阳光...,2500
整租|郑开橄榄城，两室两厅空房可配东西，公园小区急租,2室2厅1卫,87,金明区,幸福里...,1200
整租|幸福里精装3室2厅1卫家电齐全拎包入住价位合,3室1厅1卫,87,金明区,郑开橄榄城...,1500
整租|出租青年城多套房源，两室，三室，拎包入住！,2室2厅1卫,87,龙亭区,立德花园...,2000
整租|急租急租橄榄城两房，家具家电齐全，拎包入,2室2厅1卫,88,金明区,郑开橄榄城...,450
整租|急租东方金典精装拎包入住,2室2厅1卫,88,金明区,郑开橄榄城...,500
整租|橄榄城一期观景房温馨两室,2室2厅1卫,88,金明区,宋城雅居·尚品...,750
整租|急租大宏世纪新城两室家电齐全随时看,2室1厅1卫,88,龙亭区,幸福里...,1300
整租|幸福里两室精装新出租拎包入住,2室2厅1卫,88,金明区,清怡花园...,1300
整租|橄榄城精装三房，家具家电齐全，拎包入住,3室2厅1卫,88,金明区,温莎尚郡...,1400
整租|橄榄城精装三房，家具家电齐全，拎包入住,3室2厅1卫,88,金明区,宋城雅居·尚品...,1500
整租|青年城两室出租空房办公房出租,2室2厅1卫,88,龙亭区,碧水蓝城...,1600
整租|民政局家属楼4楼88平方2室2厅1卫简装,2室2厅1卫,88,金明区,安联·青年城...,1700
整租|郑开绿地城精装两室首租家具家电随时配齐看房随,2室2厅1卫,88,金明区,黄河路鼎立国际城...,1800
整租|森林半岛南苑洋房出租,2室2厅1卫,88,金明区,长金·贵和世嘉...,2000
整租|出租，两室中装家具家电齐全,2室2厅1卫,88,金明区,亿乘·帝湖世家...,2300
整租|亿乘·帝湖世家2室2厅1卫,2室2厅1卫,89,金明,郑开·森林半岛...,300
整租|禹王区3室1厅1卫,3室1厅1卫,89,鼓楼区,立德花园...,600
整租|亿乘·帝湖世家2室2厅1卫,2室2厅1卫,89,金明,嘉泰新城...,600
整租|急急出租，二师附小房子，精装修拎包入住,2室2厅1卫,89,金明区,安联·青年城...,800
整租|随时联系，随时看房。,2室2厅1卫,89,金明区,金鼎丽都...,800
整租|龙亭后河大附中对面桃园新村房子干净拎包入住环境,2室2厅1卫,89,龙亭区,集英花园...,900
整租|市民之家附近2室2厅精装修,2室2厅1卫,89,金明区,伟业·香堤湾...,1000
整租|西湖翠庭，两室两厅。精美装修拎包入住，在周边两室价格,2室2厅1卫,89,金明区,幸福里...,1000
整租|配套齐全精装修,2室2厅1卫,89,金明区,小北岗...,1099
整租|晋开御景湾5楼简装拎包入住,2室1厅1卫,89,龙亭区,中山路中段...,1300
整租|急租未来湖滨，两室两厅，精美装修家具家电全新，拎包入,3室2厅1卫,89,金明区,东方今典...,1400
整租|急租急租东方今典精装两房拎包入住,2室2厅1卫,89,金明区,东方今典...,1400
整租|急租未来湖滨，两室两厅，精美装修家具家电全新，拎包入,3室2厅1卫,89,金明区,新芒果·蓝湾国际...,1499
整租|急租五福路肿瘤医院附近龙海花园拎包入住,2室2厅1卫,89,鼓楼区,苹果园东北区...,1500
整租|绿地精装小三房房东急租看中好商量,3室2厅1卫,89,金明区,西西花园...,1500
整租|鼎立国际，房子干净，家电家具齐全拎包入住，房子好不好,2室2厅1卫,89,金明区,森林半岛联排别墅...,1600
整租|急租翠园小区，三室一厅，中等装修，家具家电齐全，拎包,3室1厅1卫,89,金明区,鼎诚·橡树庄园...,1600
整租|急租东郊二院附近曹门新城超市小区电梯房,2室2厅1卫,89,顺河回族区,嘉泰北苑...,1650
整租|出租东方今典，2室2厅1卫，家具家电齐全，拎包入住。,2室2厅1卫,89,金明区,长金·贵和世嘉...,1666
整租|橄榄城今明小学东临西湖,2室2厅1卫,89,金明区,枫庭苑...,1800
整租|森林半岛北苑，两室两厅，精装修，拎包入住。,2室2厅1卫,89,金明区,幸福里...,2000
整租|鼎力国际e区（堌门新城），两室两厅，装修现代，简约，,2室2厅1卫,89,金明,伟业·香堤湾...,3000
整租|急租，金鼎丽都精装两室两厅婚房，拎包入住，随时看房,2室2厅1卫,90,金明区,碧水蓝城二期...,400
整租|郑开绿地城2室2厅1卫,2室2厅1卫,90,金明,圣桦城...,400
整租|名润·名家3室2厅1卫,3室2厅1卫,90,禹王台,梁苑新村...,450
整租|新晋美悦都，精装修，可拎包入住。,2室2厅1卫,90,金明区,嘉泰北苑...,450
整租|梁苑新村3室1厅1卫,3室1厅1卫,90,鼓楼,花溪小区...,450
整租|东方今典高层电梯观景房,2室2厅1卫,90,金明区,安联·青年城...,500
整租|土城别墅2室1厅1卫,2室1厅1卫,90,金明,中城花园...,500
整租|绿都上河城3室2厅1卫精装修家电齐全拎包入住,3室2厅1卫,90,顺河回族区,西坡街...,500
整租|劳动路北段美景仁和拎包入住,2室2厅1卫,90,顺河回族区,康太家园...,550
整租|2是2厅1卫拎包入住,2室2厅1卫,90,金明区,郑开橄榄城...,550
整租|龙成香榭丽精.品房，诚信出租。,3室1厅1卫,90,金明区,龙成·香榭里花园...,600
整租|幸福里2室2厅1卫,2室2厅1卫,90,金明区,小北岗...,600
整租|晋开御景湾拎包入住随时看房,3室1厅1卫,90,龙亭区,西坡街...,600
整租|御景湾步梯5楼，精装修，三室两厅，家具家电齐全，拎包,3室2厅1卫,90,龙亭区,晋开御景湾...,600
整租|急租晋开御景湾3室1厅拎包入住干净整洁温馨舒,3室1厅1卫,90,龙亭区,中大义乌商贸城...,600
整租|急租急租两室森林半岛房子一套拎包入住家具家电齐全,2室2厅1卫,90,金明,龙城锦绣花园...,600
整租|急租绿都上河城电梯低层精装三室拎包入住,3室2厅1卫,90,顺河回族区,绿都·上河城...,600
整租|蔚蓝加州阁楼简单装修出租,1室1厅1卫,90,顺河回族区,郑开橄榄城...,700
整租|金鼎丽都精装两室拎包入住押一付三急租,2室1厅1卫,90,金明区,北星苑苑中园...,750
整租|绿都上河城电梯15楼精装修拎包入住,3室2厅1卫,90,顺河回族区,鼎诚·塞纳左岸...,800
整租|温莎比较干净提前预约可以看房拎包入住,2室2厅1卫,90,金明区,苹果园中区...,850
单间|伟业·香堤湾新河大附近短租限女生,次卧(3室),90,金明,翠庭尚都...,899
整租|曹门新城物业小区2室1厅1卫,2室1厅1卫,90,顺河,碧水蓝城...,900
整租|城市花园经典三室南北通透拎包入住,3室2厅1卫,90,金明区,梁苑小区...,950
整租|聚英苑2室2厅1卫,2室2厅1卫,90,金明区,大宏世纪城...,1000
整租|嘉泰新城鼎立国际对面有电梯2室2厅90平方,2室2厅1卫,90,金明区,空分三村...,1000
整租|聚英苑2室1厅1卫,2室1厅1卫,90,金明区,文秀花园...,1000
整租|宋城雅居，豪华装修，两室，视野采光好！急租！真实图片,2室2厅1卫,90,金明区,鼎诚·塞纳左岸...,1000
整租|幸福里2室2厅1卫,2室2厅1卫,90,金明区,温莎尚郡...,1000
整租|急租青年城精装2室家电齐全拎包入住,2室2厅1卫,90,龙亭区,世宇·银翰苑...,1100
整租|幸福里精装两室两厅拎包入住,2室2厅1卫,90,龙亭区,鼎力国际...,1200
整租|急租鼎力A区电梯两室随时看房领包入住,2室2厅1卫,90,金明,郑开·森林半岛...,1200
整租|东方今典2室1厅1卫,2室1厅1卫,90,金明,森林半岛电梯高层...,1200
整租|晋开御景湾5楼简装，拎包入住,2室2厅1卫,90,顺河回族区,丁角街...,1200
整租|急租，金鼎丽都精装两室两厅婚房，拎包入住，随时看房,2室2厅1卫,90,金明区,长金·贵和世嘉...,1200
整租|东京国际2室1厅1卫,2室1厅1卫,90,金明区,世宇·银翰苑...,1200
整租|金鼎丽都精装婚房首租拎包入住,2室2厅1卫,90,金明区,枫亭苑...,1300
整租|文化路与北街交叉口机电家属院2室1厅1卫,2室1厅1卫,90,尉氏县,安泰警苑...,1300
整租|绿都上河城一楼小三室家具家电齐全,3室2厅1卫,90,顺河回族区,祥通花园...,1300
整租|2室1厅水电气全套电器随时看房随时入住,2室1厅1卫,90,顺河回族区,新龙·御都国际...,1300
整租|郑开橄榄城3期精装修2室2厅，家具家电齐全，交通便捷,2室2厅1卫,90,金明区,碧水蓝城二期...,1350
整租|东方今典2室，交通便利，生活购物便利！,2室2厅1卫,90,金明区,康乐东口...,1400
整租|金明区东方今典2室1厅1卫,2室1厅1卫,90,金明区,东方今典...,1500
整租|东方今典2室，交通便利，生活购物便利！,2室2厅1卫,90,金明区,广裕花园...,1500
整租|康乐家园3室1厅1卫,3室1厅1卫,90,金明,东方今典...,1500
整租|西湖水岸精装两室拎包入住,2室2厅1卫,90,金明区,伟业·香堤湾...,1500
整租|出租重工路二期精装三室拎包入住,3室2厅1卫,90,顺河回族区,江南人家...,1500
整租|B109嘉泰新城机会只有一次！！！不看这套房子一定,2室2厅1卫,90,金明区,郑开橄榄城...,1500
整租|急租急租两室森林半岛房子一套拎包入住家具家电齐全,2室2厅1卫,90,鼓楼区,山水华府...,1600
整租|市中医院文庙小区三楼两室出租干净整洁,2室2厅1卫,90,鼓楼区,城市经典...,1600
整租|萨拉曼卡拎包入住2室1厅2卫,2室1厅2卫,90,鼓楼区,晖达·温莎尚郡...,1600
整租|聚英苑小区3室2厅1卫,3室2厅1卫,90,金明区,九鼎雅园...,1600
整租|碧水蓝城临湖小区精装两室拎包入住,2室2厅1卫,90,金明区,绿都·上河城...,1600
整租|仁和苑3室1厅1卫,3室1厅1卫,90,顺河回族区,翠园小区...,1600
整租|格林公馆全新齐全拎包入住,2室2厅1卫,90,金明区,大纸坊街...,1600
整租|碧水蓝城一期电梯洋房临湖观景家具家电全拎包入住,2室2厅1卫,90,金明区,翠园小区...,1600
整租|上河城三室出租，常住更优惠,3室2厅1卫,90,顺河回族区,东方今典...,1600
整租|绿都·上河城2室2厅1卫,2室2厅1卫,90,顺河,幸福里...,1680
整租|出租悦都，2室精装，家具家电齐全，拎包入住！,2室2厅1卫,90,金明区,嘉泰北苑...,1700
整租|急租晋开御景湾精装三室拎包入住,3室2厅1卫,90,龙亭区,嘉泰新城...,1700
整租|晋开御景湾精装修可拎包入住,2室1厅1卫,90,龙亭,东苑小区...,1700
整租|东方金典精装修2室2厅，家具齐全，学！区！房，拎包入,2室2厅1卫,90,金明区,大润发桥南小区...,1799
整租|黄汴河一轻局一楼带大院3室1厅1卫,3室1厅1卫,90,鼓楼区,惠泽园...,1800
整租|急租开高附近演武厅2室2厅拎包入住干净整洁,2室2厅1卫,90,禹王台区,森林半岛一期...,1800
整租|开高附近拎包入住演武厅2室2厅阳光复式精装9,2室2厅1卫,90,禹王台区,希尔斯·天翼...,1800
整租|Y嘉泰北苑精装修拎包入住,2室2厅1卫,90,金明区,森林半岛联排别墅...,1800
整租|新龙·御都国际2室1厅1卫,2室1厅1卫,90,金明,绿都·上河城...,1800
整租|急租急租两室森林半岛房子一套拎包入住家具家电齐全,2室2厅1卫,90,金明,嘉泰北苑...,1800
整租|绿都上河城电梯房10楼拎包入住,3室2厅1卫,90,顺河回族区,开元·华庭...,1900
整租|城市花园，三室两厅，全套家电家具齐全，拎包入住，好房,3室2厅1卫,90,金明区,郑开绿地城...,2000
整租|嘉泰北苑精装修两室两厅新装修出租齐全拎包入,2室2厅1卫,90,金明区,伟业·香堤湾...,2000
整租|急租嘉泰北苑全套家具家电两居室整洁舒适电梯房简,2室2厅1卫,90,金明区,集英花园...,2000
整租|悦都小区精装2室，价位包含物业费，首.次出租，家具家,2室2厅1卫,90,金明区,安联青年城...,2000
整租|青年城精装两室家具家电齐全，拎包入住，房子干净整洁,2室2厅1卫,90,龙亭区,绿都·上河城...,2000
整租|东方今典精装两室两厅家电家具齐全拎包入住,2室2厅1卫,90,金明区,郑开橄榄城...,2000
整租|金鼎丽都精装两室两厅拎包入住押一付三急租,2室2厅1卫,90,金明区,大王屯...,2000
整租|幸福里精装2室家具家电齐全拎包入住,2室2厅1卫,90,金明区,宏达·紫云台...,2000
整租|万丽铂金翰宫精装两室一厅一卫家电家具齐全拎包入住,2室1厅1卫,90,金明,郑开橄榄城...,2200
整租|郑开橄榄城2室2厅出租，家具家电齐全，交通便捷，拎,2室2厅1卫,90,金明区,书店街北口富晨小区...,2200
整租|河大附近，小浪底，，家具家电都齐全。好房不等人,3室2厅1卫,90,金明区,森林半岛一期...,2200
整租|绿都上河城三室两厅一卫，简单装修，交通便利，南北通透,3室2厅1卫,90,顺河回族区,晋安路蓝天中央公园...,2200
整租|鼎立国际城B区两室急租价格合理,2室2厅1卫,90,金明区,嘉泰北苑...,2300
整租|淮河医院附近三室一厅一卫，配套齐全。,3室1厅1卫,90,鼓楼区,新晋美·悦都...,2300
整租|新晋美悦都高层电梯观景房,2室2厅1卫,90,金明区,东方今典...,2300
整租|东方今典两室两厅急租精装修家电家具齐全拎包入,2室2厅1卫,90,金明区,东京银座...,2400
整租|地段好，环境优美，锦绣,2室2厅1卫,90,鼓楼,南阳市二期...,2500
整租|晋开御景湾南边2层两居室随时看房入住可短租,2室2厅1卫,90,顺河回族区,嘉泰北苑...,2500
整租|嘉泰新城两室两厅精装家具家电齐全拎包入住,2室2厅1卫,90,金明区,长金·贵和世嘉...,2600
整租|2是2厅1卫拎包入住,2室2厅1卫,90,金明区,蓝天中央公园...,2800
整租|急租淮河医院河大一附院附近一楼三室家电齐全图,3室2厅1卫,90,鼓楼区,蓝天中央公园...,2800
整租|郑开橄榄城精装修2室，家具家电齐全，交通便捷，拎包,2室2厅1卫,90,金明区,龙城香榭里双水双气...,2800
整租|格林公馆，新房，精装修，家具家电齐全，诚心出租，位置,2室2厅1卫,90,金明区,黄河路北段建业大宏...,2800
整租|黄汴河一轻局一楼带大院3室1厅1卫,3室1厅1卫,90,鼓楼区,东京银座...,3000
整租|晋开御景湾精装未主俩室家电齐全拎包入住,2室2厅1卫,90,龙亭,富辰小区...,3500
整租|晋开御景湾三室拎包入住,3室1厅1卫,90,龙亭,丽水皇庭...,5000
整租|新龙·御都国际2室1厅1卫,2室1厅1卫,90,金明,东京新城...,7000
整租|东京国际3室2厅1卫,3室2厅1卫,91,金明,郑开橄榄城...,400
整租|急租，老河道附近，电梯8楼，2室，随时看房,2室2厅1卫,91,顺河回族区,蓝天中央公园...,500
整租|急租龙成香谢里精装家电齐全拎包可住,2室2厅1卫,91,鼓楼区,亿乘·帝湖世家...,600
整租|鼎立A区2室2厅1卫,2室2厅1卫,91,金明,劳动路南头...,650
整租|郑开森林半岛2室2厅1卫,2室2厅1卫,91,金明区,西城名都...,750
整租|Y127黄河路鼎立国际A区两室两厅，家电家具齐全,2室2厅1卫,91,金明,鼎立A区...,2000
整租|新房出租精装修家具齐全,2室2厅1卫,91,金明区,世宇·银翰苑...,2000
整租|绿都上河城6楼拎包入住,3室2厅1卫,91,顺河回族区,碟御花园...,2200
整租|集英小学房精装两室两厅,2室2厅1卫,92,金明区,东京新城...,550
整租|大宏世纪城，价位低，,2室2厅1卫,92,顺河,宋城雅居·尚品...,1000
整租|鼎立国际对面精装2室随时看房,2室2厅1卫,92,金明区,西郊商场民政局家属院...,1000
整租|市中心都市花园4/6二室二厅拎包入住随时看房,2室2厅1卫,92,鼓楼区,梁园小区...,1000
整租|新曹路，精装两室,2室2厅1卫,92,顺河回族区,东方今典...,1200
整租|鼎立国际城，精装修，拎包入住。,2室2厅1卫,92,金明区,森林半岛电梯高层...,1200
整租|价格便宜，仅此一套，手慢则无,2室2厅1卫,92,金明,万丽·铂金瀚宫...,1400
整租|暖气房，精装，急租，拧包入住,2室2厅1卫,92,金明区,苹果园北区...,1500
整租|安泰警苑3室1厅1卫,3室1厅1卫,92,金明,嘉泰北苑...,2000
整租|B87东方金典新房首租全新家具家电,2室2厅1卫,92,金明区,未来·湖滨花园...,3000
整租|嘉泰北苑经典三室拎包入住有钥匙看房方便,3室1厅1卫,93,金明区,郑开绿地城...,399
整租|1700即可入住东方今典，精装2室！初次出租！,2室2厅1卫,93,金明区,仁和嘉苑...,450
整租|嘉泰北苑经典三室拎包入住有钥匙看房方便,3室1厅1卫,93,金明区,文兴苑...,550
整租|贵和世家两室两厅精装修拎包入住,2室2厅1卫,93,金明区,万丽·铂金瀚宫...,550
整租|安泰警苑3房家具家电齐全,3室2厅1卫,93,金明区,帝庭·茗品街...,1100
整租|香格里拉三室精装修东京大道北开大西位置佳,3室2厅1卫,93,金明区,晋开御景湾...,1200
整租|精装，拎包入住！！！,2室2厅1卫,93,金明区,郑开橄榄城...,1400
整租|绿都上河城3室2厅2卫，家具家电齐全，拎包入住，随时,3室2厅1卫,93,顺河回族区,新龙·御都国际...,1500
整租|嘉泰北苑经典三室拎包入住有钥匙看房方便,3室1厅1卫,93,金明区,大润发桥南小区...,1750
整租|黄河路北段建业大宏3室2厅1卫,3室2厅1卫,93,金明,黄河路鼎立国际城...,1800
整租|金明广场检察院家属院两室两厅一卫,2室2厅1卫,93,金明,西郊万宝后...,1900
整租|绿都上河城新房首租3居室拎包入住,3室2厅1卫,93,顺河,景都花园...,1980
整租|急租，森林半岛，简装，紧邻万达，2室拎包入住！,2室2厅2卫,93,金明区,幸福里...,2000
整租|急租绿都上河城，三室两厅一卫，精装修拎包入住，,3室2厅1卫,93,顺河,集英花园...,2000
整租|嘉泰北苑，两室两厅精装修，急租,2室2厅1卫,93,金明区,瑞安花园...,2300
整租|黄河路北段建业大宏3室2厅1卫,3室2厅1卫,93,金明,鼎力国际...,2800
整租|急租重工路绿都上和城温馨三居室拎包入住,3室2厅1卫,94,顺河回族区,安联青年城...,1800
整租|急租重工路绿都上和城温馨三居室拎包入住,3室2厅1卫,94,顺河回族区,大宏世纪城...,1800
整租|精装修，家具家电齐全。,2室2厅1卫,94,龙亭,黄河路鼎立国际城...,1900
整租|嘉泰北苑警长两室领包入住,2室2厅1卫,94,金明区,黄河路鼎立国际城...,1900
整租|康乐一楼精装两室08年房两室两厅全套家具家电集中供暖,2室2厅1卫,95,金明区,嘉泰北苑...,220
整租|安联青年城电梯4楼2室2厅急租带储藏室15平方,2室2厅1卫,95,龙亭区,集英花园...,550
整租|龙翔香格里拉精装2室2厅1300元/月,2室2厅1卫,95,金明区,荣勋花园...,599
整租|未来湖滨花园，2室2厅1卫，精装修，家具家电齐全,2室2厅1卫,95,金明区,东方今典...,800
整租|锦绣全新家具家电齐全,2室2厅1卫,95,鼓楼,立德花园...,800
整租|宋城雅居精装两室拎包入住,2室2厅1卫,95,金明区,森林半岛电梯高层...,1000
整租|龙翔世纪城2室2厅1卫,2室2厅1卫,95,鼓楼区,立德花园...,1000
整租|急租东郊二院求实中学附近蔚蓝加州精装两室随时看,2室2厅1卫,95,顺河,梁园小区...,1300
整租|巨惠急租，夷山大街南振强小区2室2厅1卫,2室2厅1卫,95,金明区,仁和苑...,1350
整租|未来湖滨花园景观房2室2厅,2室2厅1卫,95,金明区,中山路中段...,1500
整租|开元华庭2室2厅1卫拎包入住,2室2厅1卫,95,金明,安联青年城...,1600
整租|房子精装修，婚房，家具家电齐全，拎包入住，随时看房，,2室2厅1卫,95,金明区,东苑小区...,1700
整租|嘉泰新城三室精装拎包入住有暖气看房方便,3室2厅1卫,95,金明区,仁和苑...,1700
整租|淮河医院附近中装4个空调交通便利位置好,3室1厅1卫,95,鼓楼区,嘉泰北苑...,2000
整租|市中心东大街附近两室出租,2室2厅1卫,95,鼓楼区,富辰小区...,2000
整租|西区市民之家对面，森林半岛精装修两室，拎包入住，急租,2室2厅1卫,95,金明区,郑开·森林半岛...,2100
整租|黄河大街安泰警苑3室1厅1卫,3室1厅1卫,95,金明,安联·青年城...,2999
整租|急租小浪底润城，精装修三室两厅，拎包入住,3室2厅1卫,96,鼓楼区,银地商务...,400
整租|嘉泰新城3室1厅1卫,3室1厅1卫,96,鼓楼,包公湖南路...,499
整租|铂金翰宫精装两室一厅一卫家电家具齐全拎包入住,2室1厅1卫,96,金明,翠园小区...,1600
整租|郑开橄榄城三期精装修现急租,3室2厅1卫,96,金明区,嘉泰北苑...,1700
整租|河大一附院中山路中段简装交通便利家电齐全拎包入,3室1厅1卫,96,鼓楼区,幸福里...,1800
整租|鼎立对面精装三室有暖气,3室2厅1卫,96,金明区,翠园小区...,1800
整租|鼎力国际3室1厅1卫,3室1厅1卫,96,金明,东方今典...,1900
整租|康乐家园，豪华装修大两室，寻爱惜房子住户真实图片，,2室2厅1卫,96,金明区,丁角街...,2000
整租|开高隔壁聚英苑三室两厅拎包入住,3室2厅1卫,96,金明区,丽阳名郡...,2000
整租|急租汉兴路电梯精装两室家电齐全随时看房,3室2厅1卫,96,金明区,世宇·银翰苑...,2200
整租|嘉泰北苑精装2室家具家电齐全拎包入住随时可看房,2室2厅1卫,96,龙亭区,郑开橄榄城...,2800
整租|蓝天中央公园精装两室南北通透办公住都行,2室2厅1卫,97,金明区,东方今典...,500
整租|万丽铂金瀚宫，小三室，家具家电齐全，拎包入住。,3室2厅1卫,97,金明区,永合丽景...,550
整租|五大街开封高中旁边野场新村新装修首租，拎包入住随时看,3室2厅1卫,97,金明区,龙城锦绣花园...,1500
整租|伟业·香堤湾3室2厅1卫,3室2厅1卫,97,金明,书店街北口东鑫宇小区...,1500
整租|大润发，马道街附近，2室2厅1卫，精装,2室2厅1卫,97,顺河回族区,正阳家园...,2300
整租|蓝天中央公园精装两室南北通透办公住都行,2室2厅1卫,97,金明区,金耀绿城...,2800
整租|圣桦城精装2室家具家电齐全拎包入住,2室2厅1卫,98,龙亭区,金明区嘉和丽园...,450
整租|森林半岛南苑精装两室急出租家具家电齐全可随时入,2室2厅1卫,98,金明区,曹门新城物业小区...,900
整租|火车站祥和嘉苑12号楼2室2厅1卫,2室2厅1卫,98,禹王台区,郑开橄榄城...,1100
整租|汉兴上品2室2厅1卫,2室2厅1卫,98,金明,集英花园...,1300
整租|大润发附近，2室1厅，家具家电齐全，拎包入住，随时看,2室1厅1卫,98,鼓楼区,郑开橄榄城...,1400
整租|大润发附近，2室1厅，家具家电齐全，拎包入住，随时看,2室1厅1卫,98,鼓楼区,绿都·上河城...,1500
整租|有基本的家具家电，能满足您正常的生活需要，有意者请速,2室2厅1卫,98,金明,水岸家园...,1500
整租|豪华装修，家具家电齐全，拎包即住。,2室2厅1卫,98,金明,晋福苑...,1600
整租|B94龙成香榭里一楼带院随时看房,2室2厅4卫,98,金明区,绿都·上河城...,1650
整租|两室两厅精装修拎包入住,2室2厅1卫,98,龙亭,中山路中段...,2000
整租|B71城市花园送储藏室大三房户型漂亮,3室2厅1卫,98,金明区,苹果园北区...,2500
整租|维也纳森林，一楼带院，2室1厅，精装修，带汽车位，，,2室1厅1卫,98,龙亭区,省建花园...,2600
整租|上河城旁边省建花园电梯4楼3室2厅1卫普通装,3室2厅1卫,98,顺河回族区,嘉泰北苑...,2700
整租|枫庭金域一楼黄河大街精装2室家具电器齐全拎,2室2厅1卫,98,金明区,清怡花园...,5000
整租|新原商住楼3室2厅1卫,3室2厅1卫,99,鼓楼区,万丽·铂金瀚宫...,1500
整租|急租苹果园附近大宏世纪新城成熟小区拎包入,2室2厅1卫,99,顺河回族区,宏康家园...,1800
整租|急租苹果园附近大宏世纪新城成熟小区拎包入,2室2厅1卫,99,顺河回族区,碧水蓝城电梯洋房...,1800
整租|开元华庭2室2厅1卫拎包入住,2室2厅1卫,99,金明,苹果园小区...,3500
整租|润城小浪底3室2厅1卫,3室2厅1卫,100,金明区,伟业·香堤湾...,550
整租|新房首租精装3室交通便利随时看房,3室2厅1卫,100,龙亭区,嘉泰北苑...,550
整租|荣勋花园开元广场路南两室两厅急租家电家具齐全,2室2厅1卫,100,金明区,开元华庭...,600
整租|英伦春天2室2厅1卫,2室2厅1卫,100,金明,鼎立·国际城...,600
整租|南羊小区，简装修，楼层适中,3室1厅1卫,100,顺河,丁角街...,650
整租|金鼎丽都豪华装修三室带车位,3室1厅1卫,100,龙亭区,晖达·温莎尚郡...,800
整租|开元上城精装修拎包入住三室,3室2厅1卫,100,龙亭区,集英花园...,850
整租|开元华庭精装修三室拎包入住,3室2厅1卫,100,龙亭区,伟业·香堤湾香韵...,850
整租|碧水蓝城三期精装修三室拎包入住,3室2厅1卫,100,金明区,文秀花园...,1000
整租|中亿新都花园3室1厅1卫,3室1厅1卫,100,金明区,昊天花园小城...,1100
整租|新晋美·悦都3室2厅1卫,3室2厅1卫,100,金明,东京国际...,1200
整租|新晋美·悦都3室2厅1卫,3室2厅1卫,100,金明,晖达·温莎尚郡...,1200
整租|集英街明祥小区3室2厅1卫,3室2厅1卫,100,金明区,山水华府三期...,1200
整租|浪漫之都2室2厅精装出租,2室2厅1卫,100,金明区,安联青年城...,1200
整租|新芒果蓝湾国际精装3室1厅1卫,3室1厅1卫,100,金明区,金明裕花园...,1300
整租|开元上城小三室豪华装修拎包入住随时看房,3室2厅1卫,100,金明区,安联青年城...,1300
整租|新芒果·蓝湾国际3室2厅1卫,3室2厅1卫,100,金明区,康乐家园...,1500
整租|英伦春天2室1厅1卫,2室1厅1卫,100,金明,秀坪公寓...,1500
整租|中山路中段1楼，两室一厅，家具家电齐全，拎包入住,2室2厅1卫,100,鼓楼区,开封润城...,1500
整租|急租大润发附近环境优雅周边设施齐,2室2厅1卫,100,鼓楼区,山水华府...,1500
整租|老河道附近，两室，精装修，拎包入住，随时看房。,2室2厅1卫,100,龙亭区,蓝天中央公园...,1600
整租|叁合名城2室2厅1卫,2室2厅1卫,100,兰考,郑开橄榄城...,1750
整租|急租老河大东门维也纳小区2室1厅家具家电齐全,2室1厅1卫,100,龙亭区,集英花园...,1800
整租|世纪广场东程寨村委员会2室2厅1卫,2室2厅1卫,100,开封县,郑开·森林半岛...,2000
整租|出租金秀名典临街楼两室一厅2室1厅1卫,2室1厅1卫,100,金明区,万丽·铂金瀚宫...,2000
整租|三间房村昊天花园小区，电梯二楼，精装家电齐全,2室1厅1卫,100,鼓楼区,绿都·上河城...,2100
整租|急租，大润发附近2室2厅1卫，干净漂亮,2室2厅1卫,100,鼓楼区,元宝地小区...,2200
整租|叁合名城2室2厅1卫,2室2厅1卫,100,兰考,亿乘·帝湖世家...,2300
整租|金明广场附近的电梯商务楼,2室1厅1卫,100,金明区,绿都·上河城...,2300
整租|东京新城3室1厅1卫,3室1厅1卫,101,金明区,土城别墅...,450
整租|幸福里精装3室家具家电齐全拎包入住,3室2厅1卫,101,龙亭区,东方今典...,1000
整租|伟业·香堤湾3室2厅1卫,3室2厅1卫,103,金明,西湖翠庭...,1000
整租|金明裕花园2室2厅1卫,2室2厅1卫,103,鼓楼,美景仁和...,1300
整租|金明裕2室3厅2卫,2室3厅2卫,103,金明,郑开橄榄城...,1400
整租|未来美好，三室两厅，精装修，拎包入住,3室2厅1卫,103,龙亭区,玻璃厂家属院...,2350
整租|汴西湖文绣花园二楼精装家具家电齐全拎包入住,2室2厅1卫,105,金明区,龙虎小区...,500
整租|郑开橄榄城，精装修，可拎包入住。,3室2厅1卫,105,金明区,美景仁和...,550
整租|绿都上河城电梯4楼...,3室2厅1卫,105,顺河回族区,集英花园...,600
整租|新芒果蓝湾国际，豪华装修婚房，三室两厅,3室2厅1卫,105,金明区,汉兴上品...,1600
整租|新芒果蓝湾国际，豪华装修婚房，三室两厅,3室2厅1卫,105,金明区,九鼎雅园...,1600
整租|森林半岛南院高层电梯房,3室2厅2卫,105,金明区,长金·贵和世嘉...,1700
整租|丹尼斯对面，周边生活便利。,3室2厅1卫,105,顺河回族区,绿都·上河城...,1750
整租|丹尼斯对面，周边生活便利。,3室2厅1卫,105,顺河回族区,郑开橄榄城...,1800
整租|急租汴京公园附近雅庭苑成熟小区精装修,2室2厅1卫,105,顺河回族区,翠园西口黄河大街...,1800
整租|帝湖世家精装2室，家具家电齐全，拎包入住。随时看房,2室2厅1卫,105,金明区,东方今典...,2300
整租|房子精装，全新家具家电、拎包入住、紧邻新河南大学,2室2厅1卫,105,金明区,中城花园...,2500
整租|急租中山路北段一楼住宅，精美装修，可办公，也可住家具,2室2厅1卫,106,鼓楼区,铁塔一街住宅楼...,600
整租|中山路中段精装两室一楼,2室2厅1卫,106,鼓楼区,宋城雅居·尚品...,900
整租|首座时代附近纯珍房源经典3室随时看房,3室2厅1卫,106,金明区,园林小区...,960
整租|幸福里三室两厅精装修家电家具齐全房东急租价,3室2厅2卫,106,金明区,安联青年城...,1000
整租|初次出租，西湖旁，饭后散步好去处,2室2厅1卫,106,金明区,园林小区...,1000
整租|A42大宏幸福里1800元温馨干净3室,3室2厅1卫,106,金明区,晋安路蓝天中央公园...,1300
整租|龙城锦绣花园两室两厅精装修拎包入住,2室2厅1卫,106,金明区,黄河路鼎立国际城...,1300
整租|精装两室全新家具回到自己家的感觉,2室2厅1卫,106,金明区,大宏城市花园...,1800
整租|江南人家三楼出租，精装，家具家电齐全,2室2厅1卫,108,鼓楼区,馆驿街小区...,1300
整租|急租开高附近中泽园2室2厅拎包入住生活便利干净,2室2厅1卫,108,禹王台区,嘉泰北苑...,1800
整租|水木清华水电家具齐全步梯四楼,3室2厅1卫,110,开封县,长金·贵和世嘉...,600
整租|急租劳动路南段香山宾馆附近三室拎包入住,3室2厅1卫,110,顺河回族区,长城雅苑...,700
整租|出租郑开橄榄城室内室两厅两卫。,3室2厅1卫,110,金明区,开封·天下城...,900
整租|金明小学附近惠安小区,2室2厅1卫,110,金明区,长城雅苑...,1000
整租|文秀花园精装三室两厅一卫家电家具齐全拎包入住,3室2厅1卫,110,金明,伟业·香堤湾...,1200
整租|大南门外纪念堂附近，三室一厅，精装修，家具家电齐全，,3室2厅1卫,110,鼓楼区,世宇·银翰苑...,1200
整租|B123清明上河园附近紧挨河大一附院三室精装,3室2厅1卫,110,龙亭区,黄河路北段建业大宏...,1200
整租|新龙御都国际高层观景电梯房,2室2厅1卫,110,金明区,大朱屯...,1300
整租|大宏城市广场1室1厅经典复式办公的好选择,1室1厅1卫,110,金明区,未来·湖滨花园...,1400
整租|大宏城市广场1室1厅经典复式办公的好选择,1室1厅1卫,110,金明区,西城明都...,1500
整租|森林半岛精装两室两厅一卫家电家具齐全拎包入住,2室2厅1卫,110,金明,省一监家属院...,1500
单间|淮河医院附近，三室，家具家电齐全，可拎包入住,主卧(3室),110,鼓楼区,翠园小区...,1600
单间|淮河医院附近，三室，家具家电齐全，可拎包入住,主卧(3室),110,鼓楼区,格林公馆...,1600
整租|文昌后街31号百顺小区2室2厅1卫,2室2厅1卫,110,龙亭区,汉兴上品...,1600
整租|急租龙亭后九鼎颂园步梯二楼三室拎包入住,3室2厅1卫,110,龙亭区,西站南街...,1600
整租|青年城三室两厅家电齐全拎包入住南北通透带楼台,3室2厅1卫,110,龙亭区,安联青年城...,1700
整租|集英花园东大门五楼，三室两厅，领包入住,3室2厅1卫,110,金明区,东方今典...,1750
整租|集英花园东大门五楼，三室两厅，领包入住,3室2厅1卫,110,金明区,森林半岛一期...,1800
整租|鼎立国际精装三室拎包入住,3室2厅1卫,110,金明区,黄河路北段建业大宏...,1800
整租|秀平小区(原海马小区4号路南段)2室2厅1卫,2室2厅1卫,110,金明区,晋开御景湾...,1800
整租|纯真精装3室双阳台拎包入住,3室2厅1卫,110,金明区,伟业·香堤湾...,1800
整租|贵都花园3室2厅1卫,3室2厅1卫,110,顺河,安泰警苑...,2000
整租|大宏世纪华庭，三室两厅，精装修，拎包入住,3室2厅1卫,110,顺河回族区,金鼎丽都...,2000
整租|淮河医院附近精装修家电齐全拎包住交通方便环境,3室2厅1卫,110,鼓楼区,顺兴苑小区...,2500
整租|金色阳光3室2厅房东急租超高性价比可拎包入住,3室2厅1卫,110,金明区,晋安路蓝天中央公园...,2500
整租|贵都花园3室2厅1卫,3室2厅1卫,110,顺河,晋开御景湾...,3500
整租|龙成香榭里2室2厅一楼带院拎包入住,2室2厅1卫,110,鼓楼,黄河路鼎立国际城...,3600
整租|大户型，出行方便，生活便利,3室2厅1卫,112,金明区,郑开橄榄城...,2200
整租|华盟天河湾10楼三室两厅中等装修拎包入住,3室2厅1卫,113,龙亭区,文秀花园...,300
整租|橄榄城精装两房，空房可配。办公自住均可。,2室2厅2卫,115,金明区,书店街北口东鑫宇小区...,450
整租|东京国际电梯高层3室2厅1卫,3室2厅1卫,115,金明,晋开御景湾...,450
整租|野厂新村生活出行方便,3室2厅1卫,115,金明区,郑开·森林半岛...,700
整租|出租郑开橄榄城三室两厅两卫,3室2厅1卫,115,金明区,书香名邸...,1800
整租|出租郑开橄榄城三室两厅两卫,3室2厅1卫,115,金明区,晖达·温莎尚郡...,1800
整租|财富广场3室2厅1卫,3室2厅1卫,117,兰考,一高后门...,550
整租|金明华府精装三室拎包入住,3室2厅1卫,117,金明区,金鼎丽都...,700
整租|精装全配温馨3室拎包入住,3室2厅2卫,117,金明区,仁和嘉苑...,2500
整租|鼎立国际精装修部分家具家电三室出租,3室2厅1卫,118,金明区,开元华庭...,800
整租|立德花园步梯1楼，三室两厅，精装修，三个空调，拎包入,3室2厅1卫,118,鼓楼区,未来·美好家园...,850
整租|立德花园三室两厅一卫，简单装修，交通便利，南北通透，,3室2厅1卫,118,鼓楼,晋安路蓝天中央公园...,1100
整租|步行到卫校很近，有全套的家具家电。,3室2厅1卫,118,顺河回族区,龙虎小区...,1800
整租|急租鼎立国际城五楼拎包入住,3室2厅1卫,118,金明区,郑开·森林半岛...,2200
整租|聚英苑三室精装新房出租价格可议,3室2厅1卫,120,金明区,亿乘·帝湖世家...,260
整租|绿都上河城3室精装修，拎包入住,3室1厅1卫,120,顺河,鼎立·国际城...,450
整租|小南门里内环路瑞安花园2楼出租,3室2厅1卫,120,鼓楼区,山水华府...,500
整租|出租，永合丽景，二层精装，配套全齐，拎包入住,3室2厅1卫,120,金明区,鼎立E区...,550
整租|鼎立国际采光好新装修拎包入住,3室2厅1卫,120,金明区,枫庭苑...,599
整租|聚英苑小区1800元3室2厅房子温馨干净,3室2厅1卫,120,金明区,荣勋花园...,600
整租|急租！急租！急租！开元华庭B区临街洋房，，适合做家教,3室2厅2卫,120,金明区,东方今典...,600
整租|龙城锦绣花园三房精装修拎包入住急租价位可谈,3室2厅1卫,120,金明区,绿都·上河城...,600
整租|鼎立国际，精装修，家具家电齐全,3室2厅1卫,120,金明,绿都·上河城...,600
整租|鼎立国际，大三室精装修,3室2厅1卫,120,金明,鼎立A区...,800
整租|未来美好家园主要家具家电大三室舒适精装中楼层12,3室2厅1卫,120,龙亭区,金鼎丽都...,900
整租|小南门里内环路瑞安花园2楼出租,3室2厅1卫,120,鼓楼区,山水华府...,900
整租|温莎尚郡3室2厅1卫,3室2厅1卫,120,金明,幸福里...,1000
整租|温莎尚郡3室2厅1卫,3室2厅1卫,120,金明,瑞安花园...,1100
整租|鼎立国际城E区，三室精装，干净，出租,3室2厅1卫,120,金明区,龙虎小区...,1200
整租|温莎尚郡1号楼精装3室拎包入住,3室2厅1卫,120,金明区,梁苑小区...,1200
整租|大宏世纪新城，三室两厅精装修，家具家电齐全，拎包入住,3室2厅1卫,120,顺河回族区,新芒果·蓝湾国际...,1300
整租|小南门里内环路瑞安花园2楼出租,3室2厅1卫,120,鼓楼区,山水华府...,1300
整租|豫川通汇麻辣香锅(机校路)3室1厅1卫,3室1厅1卫,120,尉氏,滨湖小区...,1350
整租|小南门里内环路瑞安花园2楼出租,3室2厅1卫,120,鼓楼区,山水华府...,1400
整租|大梁门外蓝天公寓2/6三室一厅有储藏室,3室1厅1卫,120,金明区,幸福里...,1500
整租|急租中山路北段二师附小附近市中心,3室2厅1卫,120,鼓楼区,黄河路鼎立国际城...,1580
整租|急租豪华装修，家具家电齐全，小区环境好，生活方便！,3室1厅1卫,120,顺河,九鼎颂园...,1600
整租|河大一附院淮河医院附近三室家电齐全随时看,3室2厅1卫,120,龙亭,亿乘·帝湖世家...,1700
单间|嘉泰北苑3室2厅1卫限女生,次卧(3室),120,金明,水厂家属楼...,1700
整租|帝湖世家精华三室拎包入住,3室2厅2卫,120,金明区,郑开橄榄城...,1700
整租|小南门里内环路瑞安花园2楼出租,3室2厅1卫,120,鼓楼区,山水华府...,1700
整租|聚英苑精装三房两厅一卫,3室2厅1卫,120,金明区,龙城香榭里...,1750
整租|三毛购物广场，永合丽景小区,2室2厅1卫,120,金明区,安联·青年城...,1800
整租|聚英苑精装三房两厅一卫,3室2厅1卫,120,金明区,大润发桥南小区...,1800
整租|三胜前街37号院4室1厅1卫,4室1厅1卫,120,龙亭区,郑开橄榄城...,1800
整租|晋开御景湾三室两厅一卫，简单装修，交通便利，南北,3室2厅1卫,120,顺河回族区,龙城锦绣花园...,1800
整租|急租宋城雅居精装2室家电全齐拎包入住,2室2厅1卫,120,金明区,鼎力国际...,1900
整租|急租西坡街淮河医院附近三室拎包入住,3室2厅1卫,120,鼓楼区,中山路中段...,2000
整租|绿地城自贸区办公中心，生活环境好,3室2厅2卫,120,金明区,新晋美·悦都...,2000
整租|急租开元华庭2室2厅拎包入住,2室2厅1卫,120,金明区,温莎尚郡...,2000
整租|西湖畔精装3房橄榄城321拎包入住,3室2厅1卫,120,金明区,维也纳森林...,2000
整租|三室两厅精装修拎包入住,3室2厅2卫,120,金明区,英伦春天...,2000
整租|集英花园2室2厅可办公可居住,2室2厅1卫,120,金明区,龙翔香格里拉二期...,2000
整租|宏达·紫云台3室1厅2卫,3室1厅2卫,120,禹王台,文秀花园...,2000
整租|康桥雅居一楼带院带储藏室,3室2厅1卫,120,金明区,郑开·森林半岛...,2200
整租|宏达·紫云台3室1厅2卫,3室1厅2卫,120,禹王台,安联青年城...,2200
单间|嘉泰北苑3室2厅1卫限女生,次卧(3室),120,金明,迎宾路...,2300
整租|小南门里内环路瑞安花园2楼出租,3室2厅1卫,120,鼓楼区,山水华府...,2500
整租|伟业香堤湾三室两厅两卫价格合理集英街金耀路交叉,3室2厅2卫,120,金明区,绿都·上河城...,2500
整租|中山路附近包公湖南路4室2厅2卫家具家电齐全拎包入住,4室2厅2卫,120,鼓楼区,绿都·上河城...,4000
整租|东方今典3室2厅1卫,3室2厅1卫,121,金明,城市经典...,1600
整租|宋城雅居精装三室首租拎包入住周边配套设施齐全生活交通,3室2厅1卫,121,金明区,伟业香堤湾香郡...,1800
整租|贵和世嘉三室急租特别干净拎包入住,3室2厅1卫,121,金明区,市中心鑫宇小区...,1900
整租|绿都·上河城3室2厅2卫,3室2厅2卫,121,顺河,东方今典...,2000
整租|宋城雅居主要家具家电大三室阳光电梯舒适房简装1,3室2厅1卫,121,金明区,嘉泰北苑...,2000
整租|绿都上河城精装3室随时看房,3室2厅2卫,121,顺河,郑开·森林半岛...,2500
整租|碧水蓝城2期三室两厅一卫毛坯交一年送一个月17楼东南,3室2厅1卫,122,金明区,新黄校家属院...,1300
整租|青年城可短租的经典三室家具家电齐全有暖气,3室2厅1卫,122,龙亭区,长金·贵和世嘉...,1700
整租|金丰苑3室2厅1卫,3室2厅1卫,122,金明区,维也纳森林...,1750
整租|星光天地附近精装三室家具家电齐全拎包入住,3室2厅1卫,122,金明区,伟业·香堤湾...,1800
整租|鼎立国际精装三室两厅拎包入住押一付三随时看房急租,3室2厅2卫,122,金明区,大纸坊街...,5000
整租|急租文秀花园精装三室，周边生活便利，环境优雅，紧邻西,3室2厅1卫,123,金明区,郑开橄榄城...,400
整租|安联青年城3室2厅2卫,3室2厅2卫,123,龙亭,东京新城...,450
整租|急租，集英花园精装三室两厅，拎包入住，押一付三,3室2厅1卫,123,金明区,大宏城市花园...,900
整租|B134谍御花园办公专用家具齐全,3室2厅1卫,123,金明区,郑开橄榄城...,1300
整租|晖达·温莎尚郡3室2厅2卫,3室2厅2卫,123,金明,永合丽景...,1800
整租|郑开森林半岛，北苑电梯房，豪装三室，户型采光好，真实,3室2厅2卫,124,金明区,康桥雅居...,1200
整租|橄榄城精装修第1次出租拎包入住.,3室2厅2卫,124,金明区,明日新城...,1300
整租|精装三室，家具家电齐全，拎包入住，业主急租,3室2厅1卫,124,金明区,绿都·上河城...,1500
整租|龙城锦绣花园B区1栋3室2厅1卫,3室2厅1卫,124,金明区,万丽·铂金瀚宫...,1500
整租|森林半岛三室两卫品牌家具家电,3室2厅2卫,124,金明区,碧水蓝城...,2200
整租|郑开橄榄城3室2厅观景房,3室2厅2卫,124,金明区,山水华府...,2500
整租|橄榄城精装修低一次出租拎包入住.,3室2厅2卫,124,金明区,新龙·御都国际...,2600
整租|森林半岛精装修房子现出租.拎包入住,3室2厅2卫,124,金明区,嘉泰北苑...,3000
整租|急租急租三室森林半岛房子一套拎包入住家具家电齐全,3室2厅2卫,125,金明,亿乘·帝湖世家...,800
整租|急租急租三室森林半岛一套拎包入住家具家电齐全,3室2厅2卫,125,金明,穆家桥...,800
整租|西湖旁森林半岛，简单装修拎包入住，出行方便，是你居住,3室2厅2卫,125,金明区,温莎尚郡...,1498
整租|森林半岛北苑，三室，婚房出租，家具家电齐全，拎包入住,3室2厅1卫,125,金明区,万丽·铂金瀚宫...,1600
整租|中医院附近，3室2厅2卫，有4个空调,3室2厅2卫,125,鼓楼,郑开·森林半岛...,1600
整租|香堤湾，精装三室两厅，家具家电齐全，随时看房,3室2厅2卫,125,金明区,郑开橄榄城...,1800
整租|东京国际，小宋城，精装，急租，家具家电齐全，领包入住,3室2厅1卫,125,金明区,东京国际电梯高层...,2000
整租|郑开森林半岛高层电梯房,3室2厅2卫,125,金明区,绿都·上河城...,2000
整租|青年城，3室2厅，精装修，家具家电齐全，拎包入住，欢,3室2厅1卫,126,龙亭区,鼎立·国际城...,800
整租|集英花园3室2厅1卫拎包入住,3室3厅1卫,126,金明区,龙城锦绣花园...,850
整租|急租河大附近电梯毛坯好房，有车位,3室2厅2卫,126,金明区,龙翔香格里拉二期...,1050
整租|幸福里电梯高层三室两厅两卫空房适合办公拆迁,3室2厅2卫,126,金明区,世宇·银翰苑...,1200
整租|森林半岛，拎包入住，精致装修，环境优美，品质至上，交,3室2厅1卫,126,金明区,郑开橄榄城...,1500
整租|精装三室随时入住,3室2厅1卫,126,金明区,万丽·铂金瀚宫...,2200
整租|橄榄城精装修1500！！！,3室2厅1卫,127,金明区,新龙·御都国际...,1100
整租|郑开橄榄城3室精装拎包入住家具家电齐全,3室2厅1卫,127,金明,蓝天中央公园...,2200
整租|首次出租，全新家电，森林半岛紧缺房源,3室2厅2卫,127,金明区,伟业·香堤湾...,2500
整租|急租！急租！急租！橄榄城精装大三室，只要1900,3室2厅2卫,128,金明区,东方今典...,450
整租|可长期，可短期。拎包入住,3室1厅1卫,128,金明区,悦都小区...,1666
整租|森林半岛精装三室两厅两卫,3室2厅2卫,128,金明区,安联·青年城...,2000
整租|老河大仁和苑3室2厅2卫,3室2厅2卫,129,龙亭区,腾达名仕园...,1700
整租|老河大东门丹尼斯对面仁和苑3室2厅1卫,3室2厅1卫,129,龙亭区,郑开橄榄城...,1700
整租|橄榄城四室两厅精装修拎包入住,4室2厅2卫,129,金明区,东苑小区...,1800
整租|老河大东门丹尼斯对面仁和苑3室2厅1卫,3室2厅1卫,129,龙亭区,祥和苑...,2500
整租|老河大仁和苑3室2厅2卫,3室2厅2卫,129,龙亭区,东方今典...,2500
整租|宋城雅居精装三室首租拎包入住,3室2厅1卫,130,金明区,宋城雅居·尚品...,550
整租|晖达温莎上郡精装三室领包入住,3室2厅1卫,130,金明区,北仁义胡同润德苑小区...,700
整租|康桥雅居一楼带院带储藏室,3室2厅2卫,130,金明区,新晋美·悦都...,1200
整租|精装错层三室家具家电齐全长租可优惠,3室2厅2卫,130,金明,东京新城...,1300
整租|出租碧水蓝城4楼新装修全套家电拎包入住有一间汽车,3室2厅2卫,130,金明区,西坡街...,1400
整租|郑开橄榄城精装三室两厅一卫家电家具齐全拎包入住,3室2厅1卫,130,金明,晖达·温莎尚郡...,1400
整租|郑开橄榄城3室2厅1卫,3室2厅1卫,130,金明,森林半岛一期...,1500
整租|出租九鼎颂园拎包入住三室,3室2厅1卫,130,龙亭,康达小区...,1500
整租|淮河医院附近熙和府电梯洋房三室全部家具家电,3室2厅2卫,130,鼓楼区,龙城香榭里...,1600
整租|铂金汉宫，豪装4室，品牌家具家电，拎包入住，双水双气,4室2厅2卫,130,金明区,建业大宏·熙和府...,1600
整租|淮河医院附近熙和府电梯洋房三室全部家具家电,3室2厅2卫,130,鼓楼区,龙城香榭里...,1600
整租|集英街西湖翠庭阳光三室精装修拎包入住,3室2厅1卫,130,金明区,曹门新城物业小区...,1600
整租|龙城香榭里，精装修出租,3室2厅1卫,130,金明,森林半岛一期...,2800
整租|开封恒大文旅城3室2厅2卫,3室2厅2卫,132,金明,文兴苑...,900
整租|南洋二期三室两厅家具家电,3室2厅1卫,133,顺河回族区,浪漫之都...,1200
整租|中大义乌商贸城东临3室2厅主要家具家电阳光房中装,3室2厅1卫,135,禹王台区,森林半岛联排别墅...,600
整租|急租金明小学旁金明小区二楼三室可办公,3室2厅1卫,135,金明区,东京银座物业小区...,600
整租|淮河医院西司桥熙和府电梯洋房三居两卫双水三气,3室2厅2卫,135,鼓楼区,新晋美·悦都...,1200
整租|香格里拉电梯洋房六楼精装三室两厅两卫干净整洁,3室2厅2卫,135,金明区,嘉泰新城...,1400
整租|西环路上水厂家属楼。,3室2厅1卫,135,鼓楼区,奇瑞·金域华府...,1500
整租|东京大道香格里拉开大附近电梯洋房三室两厅一口,3室2厅2卫,135,金明区,山水华府...,2000
整租|出租，山水倾城，三室两厅两卫。,3室2厅1卫,136,金明区,晋安路蓝天中央公园...,1600
整租|希尔斯国际3室2厅2卫,3室2厅2卫,136,金明区,安联·青年城...,2000
整租|希尔斯国际3室2厅2卫,3室2厅2卫,136,金明区,安联青年城...,2200
整租|晋平苑拎包入住月2000,3室2厅2卫,136,金明区,鼎力国际...,19000
整租|火车站附近祥通花园大3室家具家电齐全,3室2厅1卫,137,禹王台区,开元华庭...,1300
整租|阳光新天地简装三室,3室2厅2卫,137,金明区,绿都·上河城...,1500
整租|市民之家新龙御都国际3+2+2精装修拎包入住，长租，,3室2厅1卫,138,金明区,嘉泰北苑...,1100
整租|急租，悦都精装三室两厅两卫婚房.拎包入住.押一付三,3室2厅2卫,138,金明区,英伦春天...,1500
整租|急租市民之家三大街悦都豪装三室一天未住随,3室2厅2卫,138,金明区,昊天花园小城...,2000
整租|西湖万达旁市民之家后面御都国际精装3室拎包入,3室2厅1卫,138,金明区,鼎立·国际城...,2300
整租|市民之家新龙御都国际3+2+2精装修拎包入住，长租，,3室2厅1卫,138,金明区,立德花园...,2800
整租|郑开橄榄城3室2厅2卫,3室2厅2卫,139,金明区,碧水蓝城...,1500
整租|秀坪公寓3室2厅1卫,3室2厅1卫,139,金明,嘉泰北苑...,1500
整租|急租，希尔斯三室两厅两卫办公优先，也可配置家电可入住,3室2厅2卫,139,金明区,世宇·银翰苑...,1800
整租|巨惠出租，西湖翠庭三室两厅精装修,3室2厅1卫,139,金明区,文化新村...,2400
整租|翠园东口慧远花园3室2厅1卫,3室2厅1卫,140,鼓楼区,东京国际电梯高层...,450
整租|新河大附近，精装修3室2厅，家具家电齐全，高档家具，,3室2厅1卫,140,金明区,安联青年城...,550
整租|急租新河大附近步梯二楼精装三室拎包入住,3室2厅2卫,140,金明区,书香名邸...,550
整租|急租集英花园，三室两厅两卫，精装，拎包入住,3室2厅1卫,140,金明区,长金·贵和世嘉...,600
整租|北仁义胡同润德苑小区4室2厅1卫,4室2厅1卫,140,金明,森林半岛多层电梯房...,800
整租|蓝天中央公园，豪华装修吗，三室两厅两卫，仅此一套，有,3室2厅2卫,140,金明区,龙城锦绣花园...,1300
整租|南北通透临街楼可打广告适合办公,4室2厅2卫,140,金明区,森林半岛电梯高层...,1500
整租|拎包入住，西区好房，生活方便，出行便利,3室2厅2卫,140,金明区,嘉泰北苑...,1800
整租|香格里拉洋房三室两厅急租价格合理随时看房,3室2厅2卫,140,金明区,温莎尚郡...,2000
整租|蝶御花园精装修家具家电齐全拎包入住急租价位可谈,3室2厅2卫,140,金明区,绿都·上河城...,2200
整租|市中心公安局妇产，淮河，河大医附医院新玛特附近3,4室1厅1卫,140,鼓楼区,碧水蓝城...,2800
整租|拎包入住大户型文兴苑3室2厅阳光中层精装14,3室2厅1卫,141,鼓楼区,长金·贵和世嘉...,550
整租|龙成香榭里二楼温馨三室拎包入住,3室2厅2卫,141,鼓楼区,鼎诚·塞纳左岸...,1200
整租|金明广场，大三室，价位低家具家电齐全，拎包入住，1,3室2厅1卫,141,金明区,中山路南段...,1800
整租|金耀绿城三室两厅一卫，精装修，交通便利，南北通透，拎,3室2厅1卫,142,金明,金耀绿城...,550
整租|金明花园三楼精装家具家电齐全拎包入住急租看房方便,3室2厅2卫,142,金明区,幸福里...,1000
整租|金耀绿城星光天地正对面純珍房源真正的拎包入住,4室2厅1卫,142,金明区,郑开橄榄城...,2000
整租|宋城雅居3室精装修，拎包入住。,3室2厅1卫,143,金明区,东京九里...,800
整租|郑开森林半岛电梯洋房，价位合适家具家电齐全，拎包入,3室2厅2卫,143,金明区,金鼎丽都...,1200
整租|集英街龙城锦绣电梯洋房大三室客卧都朝阳名牌实木家具,3室2厅2卫,144,金明,绿都·上河城...,900
整租|郑开森林半岛南苑电梯洋房，低.价出租，长期价位可议.,3室2厅2卫,145,金明区,幸福里...,600
整租|新上塞纳左岸，大三居，《可办公，可居住》错过不再有,3室2厅2卫,145,金明区,嘉泰北苑...,1200
整租|开元华庭豪华装修婚房出租拎包入住,3室2厅1卫,145,金明区,蔚蓝加州...,1300
整租|新龙御都国际新房出租,3室2厅2卫,145,金明区,郑开·森林半岛...,1400
整租|润城小区，精装修三室两厅，办公居住都可以，价位面议,3室2厅2卫,145,金明区,富泰·上城世家...,1500
整租|龙亭后九鼎雅苑颂苑3楼三室两厅精装修拎包入住,3室2厅2卫,145,龙亭区,康乐家园...,1980
整租|新房首次出租。御都国际，紧邻市民之家，交通便利,3室2厅1卫,145,金明区,五一路...,2000
整租|金马雅苑3室2厅2卫,3室2厅2卫,147,鼓楼区,希尔斯·天翼...,1200
整租|龙城香榭里双水双气精装三室出租,3室2厅2卫,148,金明区,森林半岛一期...,1800
整租|龙城香榭里双水双气精装三室出租,3室2厅2卫,148,金明区,晋安路蓝天中央公园...,1800
整租|龙城香榭里3室2卫七彩阳光世纪星幼儿园晋安小学家,3室2厅2卫,148,金明区,郑开橄榄城...,1900
整租|银地商务写字楼精装修,1室1厅1卫,150,金明,嘉泰新城...,450
整租|审计局家属院，中州饭店后门附近，一楼带院，可以进汽车,3室2厅2卫,150,金明区,魏都路幸福庄园两套...,450
整租|汽车西站包公湖市场旁,3室2厅1卫,150,鼓楼区,晋开御景湾...,600
整租|开封县3室2厅1卫,3室2厅1卫,150,开封县,南羊市一期...,600
整租|鼎立国际四室两厅第一次出租拎包入住,4室2厅2卫,150,金明区,贵都花园...,2000
整租|富辰小区精装3室拎包入住,3室2厅1卫,150,鼓楼区,新龙·御都国际...,4000
整租|汴京桥附近嘉宏花园3室2厅3卫,3室2厅3卫,155,顺河回族区,万丽·铂金瀚宫...,450
整租|出租康平小区后税局家属院住房，家具家电齐全，地理位置,3室2厅1卫,155,金明区,浪漫之都...,5000
整租|荣勋花园三室两厅简单装修拎包入住,3室2厅2卫,156,金明区,龙城香榭里...,600
整租|开元华庭，豪华装修，地中海风格，四室两厅两卫，拎包入,4室2厅2卫,156,金明区,森林半岛一期...,1400
整租|金祥苑1楼简单装修出租,3室2厅2卫,159,金明区,阳光新天地...,1500
整租|油坊胡同大润发附近长期租金可议,4室2厅2卫,160,鼓楼区,晋河花园...,1800
整租|万康苑小区4室3厅1卫,4室3厅1卫,180,龙亭区,妇幼保健院家属院...,1400
整租|嘉泰北苑精装电梯复式4室2厅2卫家具家电齐全拎包入住,4室2厅2卫,190,龙亭区,东京银座...,1666
整租|集英花园四室两厅精装修拎包入住,4室2厅2卫,197,金明区,宏康家园...,1300
整租|古塔小区4室2厅1卫,4室2厅1卫,200,尉氏,枫亭苑...,999
整租|东汇名城毛坯房出租可办公,4室2厅2卫,200,金明区,九鼎颂园...,1500
单间|阳光新天地对面金耀绿城12层复式200平方拎,主卧(4室),200,金明区,东苑小区...,2800
整租|金明广场附近英伦春天78楼复式,5室2厅2卫,230,金明区,开封润城...,1500
整租|腾达名仕园5室3厅3卫,5室3厅3卫,235,顺河,嘉泰北苑...,1700
整租|腾达名仕园5室3厅3卫,5室3厅3卫,235,顺河,嘉泰北苑...,2300
整租|B137商铺俩层机会难得无转让费,6室2厅2卫,240,鼓楼区,黄河路鼎立国际城...,1800
整租|大河柳园5室3厅1卫,5室3厅1卫,260,禹王台区,万丽·铂金瀚宫...,1300
整租|康乐东口别墅带院可办公可自住,5室2厅2卫,260,金明区,龙翔香格里拉二期...,1400
整租|蓝天中央公园6室2厅5卫,6室2厅5卫,282,金明,森林半岛多层电梯房...,800
整租|开元上城全木地板装修复式四室，可做办公，舞蹈教室等，,4室4厅2卫,300,金明区,财富广场...,500
整租|土城新村6室2厅2卫,6室2厅2卫,300,金明区,龙城香榭里双水双气...,550
整租|西菜屯别墅位置佳精装修交通方便适合办公,5室2厅2卫,300,金明区,梁苑小区...,1300
整租|东吕庄别墅独院精装修家具家电齐全拎包入住,5室2厅2卫,300,金明区,郑开·森林半岛...,2000
整租|出租独院一套，位置好，交通方便,7室3厅2卫,350,金明区,安泰警苑...,1100
整租|[西蔡屯别墅360平简装家具家电]拎包即住,6室3厅3卫,360,金明区,嘉泰新城...,1000
整租|北星苑苑中园6室2厅2卫,6室2厅2卫,400,龙亭,鼎立·国际城...,800
整租|B120森林公园独栋别墅厂房仓库养老院皆宜,6室3厅2卫,400,金明区,西湖水岸...,1500
整租|老河大东门苹果园2室1厅1卫3楼,2室1厅1卫,600,鼓楼区,郑开绿地城...,1500
整租|小南门里卧龙街4/5二室一厅拎包入住,2室1厅1卫,600,鼓楼区,土城别墅...,1800
整租|单身公寓精装修1居地热水暖气齐全拎包入住,1室1厅1卫,    57㎡,金明区,山水华府...,1400
整租|非公寓式家庭住宅1居精装修拎包入住地热暖气齐,1室1厅1卫,    57㎡,金明区,山水华府...,1400
整租|独立厨房卫生间地热水拎包入住精装修,1室1厅1卫,    57㎡,金明区,山水华府...,1500
整租|东苑小区，精装修，户型方正,3室1厅1卫,    110㎡,顺河,东苑小区...,1000
整租|蓝天中央公园精.品房，火热招租。,1室1厅1卫,    53㎡,金明区,蓝天中央公园...,1500
整租|新河大北门附近，22号院精装修三室，拎包入住，业主急,3室2厅2卫,    138㎡,金明区,长风花园...,2100
整租|南关化三附近2室1厅1卫,2室1厅1卫,    60㎡,禹王台区,梁园小区...,400
整租|西郊商场附近长风花园步梯二楼两室拎包入住,2室2厅1卫,    97㎡,金明,东方今典...,1400
整租|家具家电齐全，拎包即住，快于我联系吧。,2室1厅1卫,    56㎡,龙亭,蓝天中央公园...,799
整租|东方经典2室精装修家具家电齐全礼包入住,2室2厅1卫,    96㎡,金明,龙亭后延福苑...,1700
整租|橄榄城2期高层电梯房拎包入住,3室2厅2卫,    90㎡,金明区,绿都·上河城...,2100
整租|蓝天中央公园，小户型，精装修,1室1厅1卫,    53㎡,金明,嘉泰北苑...,1500
整租|精装大户型龙亭后延福苑主要家具家电三居室阳光中层,3室2厅1卫,    130㎡,龙亭区,黄河路鼎立国际城...,2000
整租|未来城3室1厅2卫,3室1厅2卫,    138㎡,兰考,文秀花园...,1600
整租|绿都上河城，电梯公寓房，3楼，精装修，温馨舒适,1室1厅1卫,    40㎡,顺河,汉兴路人事局家属院...,1100
整租|市中心公安局妇产，淮河，河大医附医院附近欢迎看房,2室1厅1卫,    60㎡,鼓楼区,黄河路鼎立国际城...,650
整租|建设南路与福星大道交叉口1室1厅1卫,1室1厅1卫,    36㎡,尉氏县,龙城锦绣花园...,200
整租|嘉泰北苑3室1厅1卫,3室1厅1卫,    90㎡,金明,永合丽园...,1300
整租|急租新河大鼎立国际.2室2厅拎包入住干净整洁,2室2厅2卫,    100㎡,顺河回族区,嘉泰新城...,2200
整租|文秀花园精装2室，新装修，家具家电齐全，拎包入住，随,2室2厅1卫,    110㎡,金明区,新华小区...,1666
整租|业主急租，家具家电齐全，拎包入住,2室1厅1卫,    75㎡,金明区,亿乘·帝湖世家...,1400
整租|小北岗司法局家属院2室1厅1卫简装4/5,2室1厅1卫,    60㎡,龙亭区,绿都·上河城...,700
单间|出租郑开大道与集英街交汇处开元上城金座写字楼7间,主卧(1室),    50㎡,金明区,森林半岛多层电梯房...,2500
整租|急租鼎立国际住宅，一室一厅，豪华装修，拎包入住，住着,1室1厅1卫,    45㎡,金明区,金色阳光...,1500
整租|龙城锦绣花园精装出租拎包入住,2室2厅1卫,    108㎡,金明区,嘉泰北苑...,1800
整租|家具家电齐全，能满足您正常的生活需要。,1室1厅1卫,    56㎡,金明,贵都花园...,1196
整租|森林半岛要出租的出租房,3室2厅1卫,    110㎡,金明区,大宏城市花园...,2700
整租|嘉泰新城2室朝阳南北通透,2室2厅1卫,    92㎡,金明区,晋安路蓝天中央公园...,1300
整租|单身公寓精装修1居地热水暖气齐全拎包入住,1室1厅1卫,    57㎡,金明区,山水华府...,1400
整租|非公寓式家庭住宅1居精装修拎包入住地热暖气齐,1室1厅1卫,    57㎡,金明区,山水华府...,1400
整租|独立厨房卫生间地热水拎包入住精装修,1室1厅1卫,    57㎡,金明区,山水华府...,1500
整租|圣桦城简单装修三室两厅,3室2厅1卫,    108㎡,金明区,圣桦城...,1800
整租|中医院对面文兴苑2室2厅2卫,2室2厅2卫,    140㎡,鼓楼区,文兴苑...,1500
整租|宋门关中街小区3楼拎包入住,2室1厅1卫,    60㎡,顺河回族区,嘉泰北苑...,800
整租|嘉泰北苑2室2厅1卫,2室2厅1卫,    90㎡,金明,绿都·上河城...,1300
整租|两室两厅，中等装修，可拎包入住。,2室2厅1卫,    99㎡,顺河回族区,龙城香榭里...,1400
整租|龙城香榭里精装三室拎包入住,3室2厅2卫,    140㎡,金明区,东方今典...,2000
整租|野厂新村3室2厅1卫精装出出租拎包入住手慢无,3室2厅1卫,    86㎡,金明区,仁和屯清河湾安置房...,1600
整租|东方今典，精装修，三室两厅，两卫，南北通透，套型合理,3室2厅2卫,    148㎡,金明区,龙城香榭里...,3000
整租|急租丹尼斯附近清河湾电梯房环境优雅精,3室2厅1卫,    90㎡,顺河回族区,金鼎丽都...,900
整租|龙城香榭里三室两厅带大阳台,3室2厅1卫,    120㎡,金明区,西湖水岸...,1600
整租|金鼎丽都两室两厅拎包入住押一付三新房出租急租,2室2厅1卫,    90㎡,金明区,晋开御景湾...,2000
整租|聚英苑精两室两厅装家具家电齐全拎包入住六楼,2室2厅1卫,    70㎡,金明区,明日新城...,1200
整租|精装温馨2室，诚心出租。拎包入住,2室2厅1卫,    93㎡,金明区,南羊小区...,1800
整租|星光天地周边三室精装随时看房,3室2厅1卫,    92㎡,金明区,英伦春天...,1500
整租|建设南路与福星大道交叉口1室1厅1卫,1室1厅1卫,    36㎡,尉氏县,东方今典...,200
整租|急租晋开御景湾3室1厅拎包入住干净整洁温馨舒,3室1厅1卫,    90㎡,龙亭区,嘉泰北苑...,1500
整租|明日新城3楼，经典小错层，家具家电全，拎包入住，随时,3室2厅2卫,    125㎡,金明区,绿都·上河城...,2200
整租|南羊小区，5楼，家具家电齐全直接入住,2室1厅1卫,    80㎡,鼓楼区,金鼎丽都...,800
整租|精装修，双水双气，家具家电齐全。拎包入住、。有宽带。,2室1厅1卫,    110㎡,金明区,嘉泰北苑...,1900
整租|城隍庙后街1室1厅1卫,1室1厅1卫,    40㎡,龙亭区,龙城锦绣花园...,400
单间|东方今典御府7楼西单西户,主卧(3室),    132㎡,金明区,劳动路南口路东...,2500
整租|嘉泰北苑1500元2室2厅1卫中装采光好交通便,2室2厅1卫,    90㎡,金明区,贵都花园...,1500
整租|绿都上河城精装3室随时看房,3室2厅2卫,    121㎡,顺河,世宇·银翰苑...,1500
整租|急租开元上城房子精装修拎包入住随时看房打电话,3室2厅1卫,    102㎡,金明区,长城雅苑...,2200
整租|金鼎丽都，精装婚房出租，拎包入住。,2室1厅1卫,    90㎡,金明,九鼎颂园...,1800
